statement_id,model,request_id,unit_id,doc_id,page,stratum,block_id,quote,quote_en,code1,odr,privacy_direction,privacy_relation,strength,source_mode,assignment_status,best_score,match_method,matched_field,gold_id,paragraph_id,gold_truth,reference_code,exact_code_match
codex:CAL-003-U01:S001,codex,CAL-R0001,CAL-003-U01,RU_Russia_digital_ruble_30062025,23,probability,CAL-003-P0023-B01,"Механизмы исполнения смарт-контрактов на платформе цифрового рубля функционируют 
с применением процедур контроля целостности смарт-контрактов и разграничения прав доступа 
к возможности их запуска.",Smart-contract execution mechanisms on the digital-ruble platform operate using procedures to control smart-contract integrity and segregate access rights to the ability to launch them.,PROG.generic,decision,neutral,not_applicable,3,text,unassigned,0.0,none,,,,,,False
codex:CAL-003-U01:S002,codex,CAL-R0001,CAL-003-U01,RU_Russia_digital_ruble_30062025,23,probability,CAL-003-P0023-B01,"Для обеспечения безопасности и надежности функционирования платформы цифрового рубля 
используются специализированные системы мониторинга информационной безопасности, 
позволяющие оперативно реагировать на любые попытки компьютерных атак и проводить 
обработку инцидентов информационной безопасности с целью защиты финансовых средств 
пользователей и участников платформы цифрового рубля и конфиденциальности информации.","To ensure the security and reliable functioning of the digital-ruble platform, specialised information-security monitoring systems are used, enabling prompt responses to any attempted computer attacks and the handling of information-security incidents in order to protect the funds of users and participants of the digital-ruble platform and the confidentiality of information.",OPS.resilience,decision,neutral,not_applicable,3,text,unassigned,0.0,none,,,,,,False
codex:CAL-003-U01:S003,codex,CAL-R0001,CAL-003-U01,RU_Russia_digital_ruble_30062025,23,probability,CAL-003-P0023-B01,"Для подготовки инфраструктуры участников платформы к обеспечению защиты информации 
при совершении операций с цифровыми рублями Банк России издал Положение № 833-П2, 
исполнение которого проверяется при подключении участника к платформе цифрового рубля 
в соответствии с Условиями по защите информации для участников платформы цифрового рубля, 
опубликованными на официальном сайте Банка России.","To prepare the infrastructure of platform participants to ensure information protection when conducting digital-ruble operations, the Bank of Russia issued Regulation No. 833-P, compliance with which is checked when a participant connects to the digital-ruble platform in accordance with the Information Protection Conditions for digital-ruble platform participants published on the Bank of Russia's official website.",OPS.resilience,decision,neutral,not_applicable,3,text,unassigned,0.0,none,,,,,,False
codex:CAL-003-U01:S004,codex,CAL-R0001,CAL-003-U01,RU_Russia_digital_ruble_30062025,23,probability,CAL-003-P0023-B01,"Пользователи и участники взаимодействуют с платформой цифрового рубля по защищенным 
каналам связи с использованием СКЗИ, сертифицированных ФСБ России.",Users and participants interact with the digital-ruble platform through secure communication channels using cryptographic information-protection tools certified by Russia's FSB.,OPS.resilience,decision,neutral,not_applicable,2,text,unassigned,0.0,none,,,,,,False
codex:CAL-003-U01:S005,codex,CAL-R0001,CAL-003-U01,RU_Russia_digital_ruble_30062025,23,probability,CAL-003-P0023-B01,"Все сообщения пользователей, направленные на платформу цифрового рубля, подписываются 
их электронными подписями и хранятся на платформе, что обеспечивает их целостность, 
возможность проверки авторства и проведения объективных претензионных процедур (при 
необходимости).","All user messages sent to the digital-ruble platform are signed with their electronic signatures and stored on the platform, ensuring their integrity, the ability to verify authorship, and objective dispute procedures where necessary.",OPS.resilience,decision,neutral,not_applicable,3,text,unassigned,0.0,none,,,,,,False
codex:CAL-003-U01:S006,codex,CAL-R0001,CAL-003-U01,RU_Russia_digital_ruble_30062025,23,probability,CAL-003-P0023-B01,"По результатам анализа лучших практик обеспечения информационной безопасности 
в мобильных приложениях Банком России была реализована концепция специализированного 
программного модуля, встраиваемого в мобильные приложения участников платформы, 
обеспечивающего криптографическую защиту информации.","Based on an analysis of best practices for information security in mobile applications, the Bank of Russia implemented the concept of a specialised software module embedded in platform participants' mobile applications that provides cryptographic protection of information.",OPS.resilience,decision,neutral,not_applicable,3,text,unassigned,0.0,none,,,,,,False
codex:CAL-005-U01:S001,codex,CAL-R0001,CAL-005-U01,HK_HKMA_eHKD_Phase2_2025,27,probability,CAL-005-P0027-B01,"the survey found that most retail users expect it 
to be free of charge for both online and offline 
transactions, given the numerous convenient 
payment options available in Hong Kong.",,ADOPT.experience,finding,neutral,not_applicable,2,text,assigned,1.0,normalized_contains,quote,G005,P02,positive,ADOPT.experience,True
codex:CAL-005-U01:S002,codex,CAL-R0001,CAL-005-U01,HK_HKMA_eHKD_Phase2_2025,27,probability,CAL-005-P0027-B01,"The survey found that 68% of merchants would 
expect a fee structure that aligns with their 
current merchant fee.",,ADOPT.experience,finding,neutral,not_applicable,3,text,assigned,1.0,normalized_contains,quote,G005,P04,positive,ADOPT.experience,True
codex:CAL-005-U01:S003,codex,CAL-R0001,CAL-005-U01,HK_HKMA_eHKD_Phase2_2025,27,probability,CAL-005-P0027-B01,"The pilots showed that the account-based model 
requires recording only essential transaction 
details, including the payer, payee, transaction 
amount, transaction identifier and digital 
signature. This streamlined approach results 
in lower data storage demands, making it well-
suited for devices with limited memory capacity.",,OPS.resilience,finding,neutral,not_applicable,3,text,unassigned,0.715328,fuzzy_character,quote,,,,,False
codex:CAL-005-U01:S004,codex,CAL-R0001,CAL-005-U01,HK_HKMA_eHKD_Phase2_2025,27,probability,CAL-005-P0027-B01,"In contrast, the UTXO model entails higher 
data storage requirements due to its need to 
record the entire transaction history to ensure 
traceability and validate unspent outputs. 
Additionally, the model’s “splitting” mechanism, 
where balances are divided into smaller units 
with each transaction, leads to increased data 
fragmentation. This results in larger and less 
predictable data sizes, particularly as users’ 
balances become fragmented over multiple 
transactions. Synchronisation in the UTXO 
model is also more resource-intensive, as it 
requires transmitting the full transaction history 
to identify unspent units, leading to longer 
synchronisation times and a heavier reliance on 
broadband signals.",,OPS.resilience,finding,neutral,not_applicable,3,text,assigned,1.0,normalized_contains,quote,G005,P08,positive,,False
codex:CAL-005-U01:S005,codex,CAL-R0001,CAL-005-U01,HK_HKMA_eHKD_Phase2_2025,27,probability,CAL-005-P0027-B01,"The account-based model will therefore be more 
suitable for implementing an offline e-HKD, 
were one to be introduced.",,TECH.TOKEN.decided_no,proposal,neutral,not_applicable,2,text,assigned,1.0,normalized_contains,quote,G005,P09,positive,,False
codex:CAL-009-U01:S001,codex,CAL-R0002,CAL-009-U01,IL_Israel_#U05d0#U05e8#U05db#U05d9#U05d8#U05e7#U05d8#U05d5#U05e8#U05d4-#U05dc#U05d5#U05d2#U05d9#U05ea-#U05d0#U05e0#U05d2#U05dc#U05d9#U05ea.pdf,9,probability,CAL-009-P0009-B01,"The digital shekel system will operate as a financial system for immediate payments between end users 
(individuals, businesses, various organizations, and government agencies).",,SYS.design,proposal,neutral,not_applicable,3,text,assigned,1.0,normalized_contains,quote,G009,P04,positive,,False
codex:CAL-009-U01:S002,codex,CAL-R0002,CAL-009-U01,IL_Israel_#U05d0#U05e8#U05db#U05d9#U05d8#U05e7#U05d8#U05d5#U05e8#U05d4-#U05dc#U05d5#U05d2#U05d9#U05ea-#U05d0#U05e0#U05d2#U05dc#U05d9#U05ea.pdf,9,probability,CAL-009-P0009-B01,"According to the two-tier model, 
the Bank of Israel and intermediaries will be involved in providing the complete solution to end users.",,SYS.design,proposal,neutral,not_applicable,3,text,unassigned,1.0,normalized_contains,quote,,,,,False
codex:CAL-009-U01:S003,codex,CAL-R0002,CAL-009-U01,IL_Israel_#U05d0#U05e8#U05db#U05d9#U05d8#U05e7#U05d8#U05d5#U05e8#U05d4-#U05dc#U05d5#U05d2#U05d9#U05ea-#U05d0#U05e0#U05d2#U05dc#U05d9#U05ea.pdf,9,probability,CAL-009-P0009-B01,"Additionally, there may be additional advanced service providers (ASPs) that end users are not required to 
interact with, although they will be able to provide end users with additional services, including information 
services, conditional payments, or other innovative payment applications.",,PROG.generic,proposal,neutral,not_applicable,2,text,unassigned,1.0,normalized_contains,quote,,,,,False
codex:CAL-012-U01:S001,codex,CAL-R0002,CAL-012-U01,IL_Israel_#U05d0#U05e8#U05db#U05d9#U05d8#U05e7#U05d8#U05d5#U05e8#U05d4-#U05dc#U05d5#U05d2#U05d9#U05ea-#U05d0#U05e0#U05d2#U05dc#U05d9#U05ea.pdf,23,probability,CAL-012-P0023-B01,"the 
central bank will act as an intermediary between the two entities and will execute the debit 
operation from the FI's digital shekel wallet and, in parallel, the credit operation to the end user's 
digital shekel wallet.",,SYS.design,proposal,neutral,not_applicable,2,text,unassigned,0.535912,fuzzy_character,quote,,,,,False
codex:CAL-012-U01:S002,codex,CAL-R0002,CAL-012-U01,IL_Israel_#U05d0#U05e8#U05db#U05d9#U05d8#U05e7#U05d8#U05d5#U05e8#U05d4-#U05dc#U05d5#U05d2#U05d9#U05ea-#U05d0#U05e0#U05d2#U05dc#U05d9#U05ea.pdf,23,probability,CAL-012-P0023-B01,"Since the issuance of digital shekels is performed directly from the central 
bank to the end user's wallet, this situation deviates from the indirect distribution model 
mentioned in the previous section .",,SYS.design,proposal,neutral,not_applicable,2,text,assigned,1.0,normalized_contains,quote,G012,P01,positive,,False
codex:CAL-012-U01:S003,codex,CAL-R0002,CAL-012-U01,IL_Israel_#U05d0#U05e8#U05db#U05d9#U05d8#U05e7#U05d8#U05d5#U05e8#U05d4-#U05dc#U05d5#U05d2#U05d9#U05ea-#U05d0#U05e0#U05d2#U05dc#U05d9#U05ea.pdf,23,probability,CAL-012-P0023-B01,"It is possible that the generic solution presented above will enable conversions of low amounts, up to certain 
thresholds which will be determined on the basis of, among other things, issues related to AML/CFT.",,AML.LIMIT,proposal,neutral,not_applicable,2,text,assigned,1.0,fuzzy_character,quote,G012,P03,positive,,False
codex:CAL-012-U01:S004,codex,CAL-R0002,CAL-012-U01,IL_Israel_#U05d0#U05e8#U05db#U05d9#U05d8#U05e7#U05d8#U05d5#U05e8#U05d4-#U05dc#U05d5#U05d2#U05d9#U05ea-#U05d0#U05e0#U05d2#U05dc#U05d9#U05ea.pdf,23,probability,CAL-012-P0023-B01,"For 
higher amounts, the solution will be based on the two -step process outlined above, requiring deposit to or 
withdrawal from the end user's bank account.",,CASH.relation,proposal,neutral,not_applicable,2,text,unassigned,1.0,normalized_contains,quote,,,,,False
codex:CAL-013-U01:S001,codex,CAL-R0003,CAL-013-U01,ID_Indonesia_2023a,5,probability,CAL-013-P0005-B01,"On the
first stage (immediate state), Bank Indonesia
develops wholesale Digital Rupiah (w-Digital
Rupiah) cash ledger (issuance, redemption, and
transference of funds use cases).",,SYS.design,decision,neutral,not_applicable,3,text,assigned,1.0,normalized_contains,quote,G013,P02,excluded,,False
codex:CAL-013-U01:S002,codex,CAL-R0003,CAL-013-U01,ID_Indonesia_2023a,5,probability,CAL-013-P0005-B01,"On the next
stage (intermediate state), Bank Indonesia will
expand the w-Digital Rupiah use cases to include
broader types of financial market transactions.",,SYS.design,decision,neutral,not_applicable,3,text,unassigned,1.0,normalized_contains,quote,,,,,False
codex:CAL-013-U01:S003,codex,CAL-R0003,CAL-013-U01,ID_Indonesia_2023a,5,probability,CAL-013-P0005-B01,"Lastly, on the final stage (end state), Bank
Indonesia will pilot the integrated end-to-end
design of w-Digital Rupiah and retail Digital
Rupiah (r-Digital Rupiah).",,SYS.design,decision,neutral,not_applicable,3,text,unassigned,0.746154,fuzzy_character,quote,,,,,False
codex:CAL-014-U01:S001,codex,CAL-R0003,CAL-014-U01,EU_ECB_ThirdProgress_2025,8,probability,CAL-014-P0008-B01,"In the kick-off session the ECB reiterated the
Eurosystem’s commitment to creating a digital euro that benefits the private sector – both PSPs and
merchants – while guaranteeing access and usability for all citizens.",,ACCESS.universal,decision,neutral,not_applicable,3,text,assigned,1.0,normalized_contains,quote,G014,P03,positive,ADOPT.experience,False
codex:CAL-019-U01:S001,codex,CAL-R0004,CAL-019-U01,IN_RBI_ConceptNote_2022,45,probability,CAL-019-P0045-B01,"Under the intermediate 
model, commercial banks may be best placed 
to conduct AML/CFT checks and the 
responsibility for compliance with AML/CFT 
guidelines should rest with them.",,KYC.INTERMED,proposal,neutral,not_applicable,3,text,unassigned,0.37415,fuzzy_character,quote,,,,,False
codex:CAL-019-U01:S002,codex,CAL-R0004,CAL-019-U01,IN_RBI_ConceptNote_2022,45,probability,CAL-019-P0045-B01,"Opening and 
maintenance of CBDC accounts with 
commercial banks would not require any 
change in the current AML/ CFT guidelines 
unless there is a new Financial Action Task 
Force (FATF) recommendation specifically for 
CBDCs.",,AML.FATF,proposal,neutral,not_applicable,2,text,unassigned,0.676471,fuzzy_token,quote,,,,,False
codex:CAL-019-U01:S003,codex,CAL-R0004,CAL-019-U01,IN_RBI_ConceptNote_2022,45,probability,CAL-019-P0045-B01,"This arrangement means that the Bank 
would not hold granular personal data on any 
user, reducing the privacy concerns that could 
arise in connection with holding personal user 
data, but AML requirements could still be met by 
the CBDC system as a whole.",,PRIV.CB.visibility.opaque,proposal,increases,from_state,2,text,assigned,0.898551,fuzzy_character,quote,G019,P03,positive,,False
codex:CAL-019-U01:S004,codex,CAL-R0004,CAL-019-U01,IN_RBI_ConceptNote_2022,45,probability,CAL-019-P0045-B01,"It needs to be ensured that the ultimate 
responsibility for Customer Due Di ligence 
(CDD) is clearly delineated in the framework.",,KYC.INTERMED,proposal,neutral,not_applicable,2,text,assigned,1.0,fuzzy_character,quote,G019,P04,positive,,False
codex:CAL-019-U01:S005,codex,CAL-R0004,CAL-019-U01,IN_RBI_ConceptNote_2022,45,probability,CAL-019-P0045-B01,"The design of the CBDC should have 
the embedded mechanism for identifying and 
monitoring the transactions , as per the 
threshold limit as applicable in case of cash, to 
maintain the financial sector integrity.",,AML.MON,proposal,neutral,not_applicable,3,text,assigned,1.0,normalized_contains,quote,G019,P05,positive,,False
codex:CAL-019-U01:S006,codex,CAL-R0004,CAL-019-U01,IN_RBI_ConceptNote_2022,45,probability,CAL-019-P0045-B01,"CBDC would need to be 
compliant with AML regulations, which rules out 
truly anonymous payments.",,PRIV.ANON,proposal,decreases,from_state,3,text,assigned,1.0,normalized_contains,quote,G019,P07,positive,,False
codex:CAL-027-U01:S001,codex,CAL-R0005,CAL-027-U01,TR_Turkey_Digital_Turkish_Lira_First_Phase_Evaluation_Report,34,probability,CAL-027-P0034-B01,"The wallet application12 is the end user’s access point to the system. Through 
the mobile application, the user can transfer funds, make payments, request 
funds, query transaction history and view owned VCs.",,SYS.design,decision,neutral,not_applicable,3,text,assigned,0.909091,fuzzy_token,quote,G027,P02,positive,,False
codex:CAL-027-U01:S002,codex,CAL-R0005,CAL-027-U01,TR_Turkey_Digital_Turkish_Lira_First_Phase_Evaluation_Report,34,probability,CAL-027-P0034-B01,"In online payments, while ownership of the money can be proved through 
the wallet application, the money and ownership information are stored 
in the digital currency system. In offline payments, the money itself will be 
available on user-managed wallet devices.",,SYS.design,decision,neutral,not_applicable,3,text,unassigned,0.546296,fuzzy_character,quote,,,,,False
codex:CAL-027-U01:S003,codex,CAL-R0005,CAL-027-U01,TR_Turkey_Digital_Turkish_Lira_First_Phase_Evaluation_Report,34,probability,CAL-027-P0034-B01,"A user of the digital currency system must first have a DID value that 
identifies them.",,SYS.design,decision,neutral,not_applicable,2,text,assigned,1.0,normalized_contains,quote,G027,P03,positive,,False
codex:CAL-027-U01:S004,codex,CAL-R0005,CAL-027-U01,TR_Turkey_Digital_Turkish_Lira_First_Phase_Evaluation_Report,34,probability,CAL-027-P0034-B01,"In transfer and payment transactions, money can be sent to the DID value 
of the counterparty or to the alias assigned to the DID value. At the same 
time, these transactions can also be executed with a QR code. The QR codes 
used in the system have been designed in compliance with the TR QR code 
standard.",,INTEROP.domestic,decision,neutral,not_applicable,2,text,assigned,1.0,normalized_equal,quote,G027,P04,positive,,False
codex:CAL-027-U01:S005,codex,CAL-R0005,CAL-027-U01,TR_Turkey_Digital_Turkish_Lira_First_Phase_Evaluation_Report,34,probability,CAL-027-P0034-B01,"The private key is used to 
prove the authorization for the created account. Therefore, the private key 
should be handled in such a way that it is not shared with anyone.",,OPS.resilience,proposal,neutral,not_applicable,2,text,assigned,1.0,normalized_contains,quote,G027,P05,positive,,False
codex:CAL-028-U01:S001,codex,CAL-R0005,CAL-028-U01,CN_China_BIS_2022,197,probability,CAL-028-P0197-B01,"We decided to increase our efforts to experiment with the limits of technologies 
by utilising technologies such as blockchain, whi ch are emerging fast with potential 
to play a role in payments.",,TECH.DLT,decision,neutral,not_applicable,2,text,assigned,1.0,fuzzy_character,quote,G028,P06,excluded,,False
codex:CAL-029-U01:S001,codex,CAL-R0005,CAL-029-U01,CN_China_BIS_2022,117,probability,CAL-029-P0117-B01,"This experiment adopts and examines : (i) hybrid architecture ; and (ii) DLT -
method ledger management as a basic model",,SYS.design,decision,neutral,not_applicable,2,text,assigned,1.0,normalized_contains,quote,G029,P05,excluded,,False
codex:CAL-029-U01:S002,codex,CAL-R0005,CAL-029-U01,CN_China_BIS_2022,117,probability,CAL-029-P0117-B01,"This experiment adopts and examines : (i) hybrid architecture ; and (ii) DLT -
method ledger management as a basic model",,TECH.DLT,decision,neutral,not_applicable,2,text,unassigned,1.0,normalized_contains,quote,,,,,False
codex:CAL-030-U01:S001,codex,CAL-R0005,CAL-030-U01,NZ_RBNZ_cbdc-insights-dossier-for-public-1,48,probability,CAL-030-P0048-B01,"RBNZ’s initial preference is to ensure that users have the right level of control over their own data whilst also not inhibiting innovation in the right places. Users should own their data and start opted out, with clear opt-in options supported by a consent framework similar to the future NZ Consumer Data Right framework. This would allow intermediaries to offer innovative services to benefit users consenting to share their data.",,PRIV.BAL,proposal,conditional,from_intermediary,2,text,assigned,1.0,normalized_equal,quote,G030,P05,positive,,False
codex:CAL-030-U01:S002,codex,CAL-R0005,CAL-030-U01,NZ_RBNZ_cbdc-insights-dossier-for-public-1,48,probability,CAL-030-P0048-B01,RBNZ’s initial preference is to ensure wide adoption of CBDC without inhibiting organic innovation opportunities. Users will be able to spend/transfer/receive CBDC using a payment method at the point of interaction that meets their needs,,ADOPT.experience,proposal,neutral,not_applicable,2,text,assigned,1.0,raw_contains,quote,G030,P02,positive,ADOPT.experience,True
codex:CAL-032-U01:S001,codex,CAL-R0006,CAL-032-U01,US_NYFed_CedarPhaseOne_2022,4,probability,CAL-032-P0004-B01,"Phase I of the Project Cedar experiment examined 
the potential application of distributed ledger technology (DLT), specifically 
blockchain, to enhance the functioning of wholesale cross-border payments.",,TECH.DLT,decision,neutral,not_applicable,2,text,unassigned,0.116959,fuzzy_character,quote,,,,,False
codex:CAL-032-U01:S002,codex,CAL-R0006,CAL-032-U01,US_NYFed_CedarPhaseOne_2022,4,probability,CAL-032-P0004-B01,"Under simulated test scenarios based on market throughput estimates, FX spot 
trades were atomically settled in under ten seconds, validating the project 
objectives of enabling instant and atomic settlement using DLT",,INTEROP.crossborder,finding,neutral,not_applicable,3,text,unassigned,0.0,none,,,,,,False
codex:CAL-032-U01:S003,codex,CAL-R0006,CAL-032-U01,US_NYFed_CedarPhaseOne_2022,4,probability,CAL-032-P0004-B01,"Test results from the experiment revealed that the blockchain-enabled 
payments system settles transactions in fewer than ten seconds on average 
and that throughput across the system increases as additional currencies are 
included.",,PROC.pilot_learning,finding,neutral,not_applicable,3,text,unassigned,0.0,none,,,,,,False
codex:CAL-032-U01:S004,codex,CAL-R0006,CAL-032-U01,US_NYFed_CedarPhaseOne_2022,4,probability,CAL-032-P0004-B01,"Phase I of Project Cedar was 
designed around a multi-ledger construct in which each currency was 
maintained on a separate ledger, operated by its respective simulated central 
bank.",,SYS.design,decision,neutral,not_applicable,2,text,unassigned,0.0,none,,,,,,False
codex:CAL-032-U01:S005,codex,CAL-R0006,CAL-032-U01,US_NYFed_CedarPhaseOne_2022,4,probability,CAL-032-P0004-B01,"The Phase I prototype included design choices such 
as a permissioned blockchain network, an Unspent Transaction Output (UTXO) 
data model, and Rust as the primary programming language.",,TECH.DLT,decision,neutral,not_applicable,2,text,unassigned,0.0,none,,,,,,False
codex:CAL-033-U01:S001,codex,CAL-R0006,CAL-033-U01,EU_ECB_2024,2,probability,CAL-033-P0002-B01,"The rulebook is essential to ensure that digital euro payments are accepted 
throughout the euro area, just like cash payments, and will work in a harmonised 
manner.",,INTEROP.domestic,proposal,neutral,not_applicable,2,text,assigned,1.0,normalized_contains,quote,G033,P05,excluded,,False
codex:CAL-035-U01:S001,codex,CAL-R0006,CAL-035-U01,GH_Ghana_2021,25,probability,CAL-035-P0025-B01,• BoG is the issuer of the eCedi,,INST.mandate,proposal,neutral,not_applicable,3,text,assigned,1.0,normalized_contains,quote,G035,P01,positive,,False
codex:CAL-035-U01:S002,codex,CAL-R0006,CAL-035-U01,GH_Ghana_2021,25,probability,CAL-035-P0025-B01,"• Commercial banks are in charge of the distribution
• FinTechs are authorized to provide wallets/services",,SYS.design,proposal,neutral,not_applicable,3,text,unassigned,1.0,normalized_contains,quote,,,,,False
codex:CAL-035-U01:S003,codex,CAL-R0006,CAL-035-U01,GH_Ghana_2021,25,probability,CAL-035-P0025-B01,"The eCedi has to provide transparency of 
consumers and transactions in order to mitigate 
money laundering in the eCedi ecosystem.",,AML.MON,proposal,neutral,not_applicable,3,text,assigned,1.0,normalized_contains,quote,G035,P04,positive,,False
codex:CAL-035-U01:S004,codex,CAL-R0006,CAL-035-U01,GH_Ghana_2021,25,probability,CAL-035-P0025-B01,"One of the eCedi’s 
technical solutions addressing cyber-attack 
prevention is the separation of the issuance and 
distribution modules of the core infrastructure.",,OPS.resilience,proposal,neutral,not_applicable,3,text,unassigned,1.0,normalized_contains,quote,,,,,False
codex:CAL-035-U01:S005,codex,CAL-R0006,CAL-035-U01,GH_Ghana_2021,25,probability,CAL-035-P0025-B01,"The 
eCedi will also be scalable to handle large volumes 
of transactions and provide 24/7 availability and 
support instant payments.",,OPS.resilience,decision,neutral,not_applicable,3,text,unassigned,1.0,normalized_contains,quote,,,,,False
codex:CAL-035-U01:S006,codex,CAL-R0006,CAL-035-U01,GH_Ghana_2021,25,probability,CAL-035-P0025-B01,"As eCedi is considered 
to be a legal tender it has to be accessible and 
trusted by everyone, hence merchants and 
enterprises within a country have to accept the 
eCedi for payments.",,LEGAL.basis,proposal,neutral,not_applicable,3,text,unassigned,0.65625,fuzzy_token,quote,,,,,False
codex:CAL-035-U01:S007,codex,CAL-R0006,CAL-035-U01,GH_Ghana_2021,25,probability,CAL-035-P0025-B01,"For this 
reason, the possibility of offline transactions is a 
relevant requirement.",,ACCESS.universal,proposal,neutral,not_applicable,2,text,assigned,1.0,normalized_contains,quote,G035,P06,positive,,False
codex:CAL-035-U01:S008,codex,CAL-R0006,CAL-035-U01,GH_Ghana_2021,25,probability,CAL-035-P0025-B01,"The eCedi therefore has to be integrated 
into existing infrastructure and payment 
instruments.",,INTEROP.domestic,proposal,neutral,not_applicable,3,text,assigned,1.0,normalized_contains,quote,G035,P07,positive,INTEROP.domestic,True
codex:CAL-035-U01:S009,codex,CAL-R0006,CAL-035-U01,GH_Ghana_2021,25,probability,CAL-035-P0025-B01,"The various existing electronic and 
mobile payment solutions will therefore have to 
be interoperable with the eCedi to enable their 
utilization of the eCedi.",,INTEROP.domestic,proposal,neutral,not_applicable,3,text,unassigned,1.0,normalized_contains,quote,,,,,False
codex:CAL-035-U01:S010,codex,CAL-R0006,CAL-035-U01,GH_Ghana_2021,25,probability,CAL-035-P0025-B01,"Last but not least, the eCedi should support 
programmable use cases to enable innovation and 
new business models while maintaining the trust of 
the people.",,PROG.generic,proposal,neutral,not_applicable,2,text,assigned,1.0,normalized_contains,quote,G035,P08,positive,,False
codex:CAL-035-U01:S011,codex,CAL-R0006,CAL-035-U01,GH_Ghana_2021,25,probability,CAL-035-P0025-B01,"From the foregoing, it is obvious that the eCedi 
must be a close resemblance of cash in addition 
to having the capability for online transactions 
among other similar features.",,CASH.relation,proposal,neutral,not_applicable,2,text,unassigned,1.0,normalized_contains,quote,,,,,False
codex:CAL-036-U01:S001,codex,CAL-R0006,CAL-036-U01,CN_China_BIS_2022,101,probability,CAL-036-P0101-B01,"Bank Indonesia plans to issue CBDC 
as a response to three key drivers: first, “to emphasise BI’s role as the country’s sole 
authority for currency issuance, including in digital form, to maintain monetary 
sovereignty”",,LEGAL.basis,proposal,neutral,not_applicable,3,text,unassigned,0.573864,fuzzy_character,quote,,,,,False
codex:CAL-036-U01:S002,codex,CAL-R0006,CAL-036-U01,CN_China_BIS_2022,101,probability,CAL-036-P0101-B01,"Other 
challenges for rCBDC include the adoption and inclusion issue: it should be possible 
to distribute rCBDC to a broader user group, including residents in remote areas, with 
the ability to meet the service level agreement requirements.",,ACCESS.universal,proposal,neutral,not_applicable,2,text,assigned,1.0,normalized_contains,quote,G036,P01,positive,TECH.TOKEN.decided_no,False
codex:CAL-036-U01:S003,codex,CAL-R0006,CAL-036-U01,CN_China_BIS_2022,101,probability,CAL-036-P0101-B01,"On  the rCBDC side, the 
implementation of r CBDC might entail cyber security and technology risks.",,OPS.resilience,proposal,neutral,not_applicable,2,text,unassigned,0.575,fuzzy_character,quote,,,,,False
codex:CAL-036-U01:S004,codex,CAL-R0006,CAL-036-U01,CN_China_BIS_2022,101,probability,CAL-036-P0101-B01,"Other potential risk s 
include disintermediation and bank run  since CBDC would play a substantial role in 
facilitating the conversion of assets from commercial  bank money to central bank 
money.",,STAB.disintermediation,proposal,neutral,not_applicable,2,text,unassigned,0.969325,fuzzy_character,quote,,,,,False
codex:CAL-036-U01:S005,codex,CAL-R0006,CAL-036-U01,CN_China_BIS_2022,101,probability,CAL-036-P0101-B01,"Unlike private or foreign digital currency, 
sovereign CBDC would provide  the public with a direct claim on the central bank , 
which would ensure trust and improve the functioning of the monetary system.",,SYS.design,proposal,neutral,not_applicable,2,text,assigned,1.0,normalized_contains,quote,G036,P04,excluded,,False
codex:CAL-036-U01:S006,codex,CAL-R0006,CAL-036-U01,CN_China_BIS_2022,101,probability,CAL-036-P0101-B01,"The implementation of CBDC should not be 
counterproductive to the central bank fulfilling its  existing mandate by addressing 
the aforementioned issues with appropriate policy.",,STAB.disintermediation,proposal,neutral,not_applicable,2,text,assigned,1.0,normalized_contains,quote,G036,P05,excluded,,False
codex:CAL-037-U01:S001,codex,CAL-R0007,CAL-037-U01,CN_China_BIS_2022,33,probability,CAL-037-P0033-B01,"In 
this context, the issuance of a CBDC is not a priority, at least in the short term.",,OTHER.keep,decision,neutral,not_applicable,3,text,assigned,1.0,normalized_contains,quote,G037,P07,excluded,,False
codex:CAL-038-U01:S001,codex,CAL-R0007,CAL-038-U01,JP_BoJ_Pilot_EN,6,probability,CAL-038-P0006-B01,"The system will be equipped with a series of basic functions that were also built into 
the system for the PoCs, namely, issuance, payout, credit transfer, acceptance, and 
redemption (Figure 4).",,SYS.design,decision,neutral,not_applicable,3,text,assigned,1.0,normalized_contains,quote,G038,P02,positive,,False
codex:CAL-038-U01:S002,codex,CAL-R0007,CAL-038-U01,JP_BoJ_Pilot_EN,6,probability,CAL-038-P0006-B01,"In addition, the system will be equipped with auto-swing6 and 
auto-charge7 functions, which can be triggered at the time of transfer, and limit check 
functions against, for example, a holding limit .",,AML.LIMIT,decision,neutral,not_applicable,3,text,unassigned,0.61875,fuzzy_character,quote,,,,,False
codex:CAL-038-U01:S003,codex,CAL-R0007,CAL-038-U01,JP_BoJ_Pilot_EN,6,probability,CAL-038-P0006-B01,"Further, additional functions , such as scheduled transfer including batch transfer, 
debit transfer, and balance/transaction statement inquiry, which were built in to the 
system for PoC Phase 2, are also planned to be incorporated.",,SYS.design,proposal,neutral,not_applicable,2,text,assigned,1.0,fuzzy_character,quote,G038,P03,positive,,False
codex:CAL-043-U01:S001,codex,CAL-R0008,CAL-043-U01,UN_ESCAP_ESCAP-2022-RP-National-study-central-bank-digital-currency-stablecoin-Maldives,41,probability,CAL-043-P0041-B01,"It is an aim of th is project to ensure that Maldivian FinTech companies are involved in 
the development of the CBDC and stablecoin / asset tokenization initiatives .",,OTHER.keep,proposal,neutral,not_applicable,2,text,assigned,1.0,fuzzy_character,quote,G043,P06,positive,INTEROP.domestic,False
codex:CAL-046-U01:S001,codex,CAL-R0008,CAL-046-U01,UN_ESCAP_4e8e7145_2023,19,probability,CAL-046-P0019-B01,"The system provides a 
central mobile App, so bank-issued wallets may not be vital.",,SYS.design,decision,neutral,not_applicable,2,text,assigned,1.0,normalized_contains,quote,G046,P01,positive,KYC.INTERMED,False
codex:CAL-047-U01:S001,codex,CAL-R0008,CAL-047-U01,RU_Russia_consultation_paper_201013,18,probability,CAL-047-P0018-B01,"It is also important that the infrastructure allows digital ruble transactions initiated by the payee 
or third parties with the consent of the owner, which will, inter alia, support the existing technology 
of automatic payments for utility and other regular services provided to households.",,PROG.generic,proposal,neutral,not_applicable,2,text,assigned,1.0,normalized_contains,quote,G047,P01,positive,PROG.generic,True
codex:CAL-047-U01:S002,codex,CAL-R0008,CAL-047-U01,RU_Russia_consultation_paper_201013,18,probability,CAL-047-P0018-B01,"The use of a digital ruble will increase settlement transparency and help reduce AML/CFT/
CFPWMD risks as well as the costs of the financial industry in counteracting illegal actions.",,AML.MON,proposal,neutral,not_applicable,2,text,assigned,1.0,normalized_contains,quote,G047,P02,positive,,False
codex:CAL-047-U01:S003,codex,CAL-R0008,CAL-047-U01,RU_Russia_consultation_paper_201013,18,probability,CAL-047-P0018-B01,"At this point, it is more realistic to implement a model where financial institutions responsible 
for the execution of the national AML/CFT/CFPWMD legislation are endowed with relevant powers 
and their current functionality related to AML/CFT/CFPWMD is extended, inter alia, to digital ruble 
operations.",,KYC.INTERMED,proposal,neutral,not_applicable,3,text,assigned,1.0,normalized_contains,quote,G047,P04,positive,,False
codex:CAL-047-U01:S004,codex,CAL-R0008,CAL-047-U01,RU_Russia_consultation_paper_201013,18,probability,CAL-047-P0018-B01,"The use of a digital ruble implies the ability to use payment applications on mobile devices, use 
of ATMs and other automatic payment devices, and the ability to use digital ruble media offline.",,OPS.resilience,proposal,neutral,not_applicable,2,text,assigned,1.0,normalized_contains,quote,G047,P05,positive,,False
codex:CAL-047-U01:S005,codex,CAL-R0008,CAL-047-U01,RU_Russia_consultation_paper_201013,18,probability,CAL-047-P0018-B01,"Therefore, if a digital ruble is introduced as a publicly available payment instrument, a targeted 
training programme should be carried out aimed at improving general digital and financial literacy 
and developing the skills required to perform digital ruble transactions.",,ACCESS.universal,proposal,neutral,not_applicable,2,text,unassigned,1.0,normalized_contains,quote,,,,,False
codex:CAL-047-U01:S006,codex,CAL-R0008,CAL-047-U01,RU_Russia_consultation_paper_201013,18,probability,CAL-047-P0018-B01,"Special 
attention must be paid to certain categories of people with potentially low digital and financial 
literacy, as well as those who are not covered by the education system.",,ACCESS.universal,proposal,neutral,not_applicable,2,text,unassigned,1.0,normalized_contains,quote,,,,,False
codex:CAL-047-U01:S007,codex,CAL-R0008,CAL-047-U01,RU_Russia_consultation_paper_201013,18,probability,CAL-047-P0018-B01,"Mobile applications supporting digital ruble transactions should provide users with simple and 
clear information on the balance and operations in digital rubles.",,ADOPT.experience,proposal,neutral,not_applicable,2,text,assigned,1.0,normalized_contains,quote,G047,P06,positive,ADOPT.experience,True
codex:CAL-047-U01:S008,codex,CAL-R0008,CAL-047-U01,RU_Russia_consultation_paper_201013,18,probability,CAL-047-P0018-B01,"At the user’s request, detailed 
information on transactions must be provided, for example, in the form of an account statement 
sent by email or other communication channel.",,ADOPT.experience,proposal,neutral,not_applicable,2,text,unassigned,1.0,normalized_contains,quote,,,,,False
codex:CAL-047-U01:S009,codex,CAL-R0008,CAL-047-U01,RU_Russia_consultation_paper_201013,18,probability,CAL-047-P0018-B01,"When developing interfaces and devices for 
digital ruble payments, it is necessary to take into account the needs of people with disabilities.",,ACCESS.universal,proposal,neutral,not_applicable,2,text,unassigned,1.0,normalized_contains,quote,,,,,False
codex:CAL-050-U01:S001,codex,CAL-R0009,CAL-050-U01,CN_China_BIS_2022,36,probability,CAL-050-P0036-B01,"In Brazil the main objective of the introduction of a CBDC is to provide 
entrepreneurs with a safe and reliable environment to innovate through the use 
of programmability technologies, such as programable money and smart 
contracts.",,PROG.generic,proposal,neutral,not_applicable,3,text,assigned,1.0,normalized_contains,quote,G050,P03,excluded,,False
codex:CAL-051-U01:S001,codex,CAL-R0009,CAL-051-U01,CN_China_2021,8,probability,CAL-051-P0008-B01,"E
-
C
N
Y
i
s
a
n
a
c
c
ount
-
ba
s
e
d,
qua
s
i
-
a
c
c
ount
-
ba
s
e
d
a
nd
va
l
ue
-
ba
s
e
d
hy
b
r
i
d
pa
y
m
e
nt
i
ns
t
r
um
e
nt
.",,TECH.TOKEN.decided_yes,decision,neutral,not_applicable,3,text,assigned,1.0,fuzzy_character,quote,G051,P02,positive,,False
codex:CAL-051-U01:S002,codex,CAL-R0009,CAL-051-U01,CN_China_2021,8,probability,CAL-051-P0008-B01,"T
he
e
-
C
N
Y
i
s
a
s
ubs
t
i
t
ut
e
f
or
M
0.",,CASH.relation,decision,neutral,not_applicable,3,text,unassigned,0.96,fuzzy_character,quote,,,,,False
codex:CAL-051-U01:S003,codex,CAL-R0009,CAL-051-U01,CN_China_2021,8,probability,CAL-051-P0008-B01,"T
hus
,
i
t
i
s
t
r
e
a
t
e
d
t
he
s
a
m
e
a
s
t
he
phy
s
i
c
a
l
R
M
B
unde
r
M
0,
w
hi
c
h
c
a
r
r
i
e
s
a
nd
pa
y
s
no
i
nt
e
r
e
s
t
.",,PROG.remuneration_no,decision,neutral,not_applicable,3,text,unassigned,0.594595,fuzzy_character,quote,,,,,False
codex:CAL-051-U01:S004,codex,CAL-R0009,CAL-051-U01,CN_China_2021,8,probability,CAL-051-P0008-B01,"C
ons
i
s
t
e
nt
w
i
t
h
t
he
m
a
na
ge
m
e
nt
of
phy
s
i
c
a
l
R
M
B
,
t
he
P
B
O
C
doe
s
not
c
ha
r
g
e
a
ut
hor
i
z
e
d
ope
r
a
t
or
s
f
or
e
x
c
ha
nge
a
nd
c
i
r
c
ul
a
t
i
on
s
e
r
vi
c
e
s
,
a
nd
t
he
ope
r
a
t
or
s
do
not
c
ha
r
g
e
i
ndi
vi
dua
l
c
l
i
e
nt
s
f
or
t
he
e
xc
ha
nge
of
e
-
C
N
Y
e
i
t
he
r
.",,ADOPT.experience,decision,neutral,not_applicable,2,text,assigned,1.0,fuzzy_character,quote,G051,P03,positive,,False
codex:CAL-051-U01:S005,codex,CAL-R0009,CAL-051-U01,CN_China_2021,8,probability,CAL-051-P0008-B01,"A
c
c
or
di
ng
t
o
s
e
t
t
l
e
m
e
nt
f
i
na
l
i
t
y
,
t
he
e
-
C
N
Y
i
s
l
oos
e
l
y
c
oupl
e
d
w
i
t
h
ba
nk
a
c
c
ount
s
,
a
nd
t
hus
pa
y
m
e
nt
s
t
hr
ough
e
-
C
N
Y
w
a
l
l
e
t
s
a
r
e
s
e
t
t
l
e
d
upon
pa
y
m
e
nt
.",,INTEROP.domestic,decision,neutral,not_applicable,3,text,assigned,1.0,fuzzy_character,quote,G051,P04,positive,,False
codex:CAL-051-U01:S006,codex,CAL-R0009,CAL-051-U01,CN_China_2021,8,probability,CAL-051-P0008-B01,"E
-
C
N
Y
f
ol
l
ow
s
t
he
pr
i
nc
i
pl
e
of
“
a
nony
m
i
t
y
f
or
s
m
a
l
l
va
l
ue
a
nd
t
r
a
c
e
a
bl
e
f
or
hi
g
h
va
l
ue
,
”
a
nd
a
t
t
a
c
he
s
g
r
e
a
t
i
m
por
t
a
nc
e
t
o
pr
ot
e
c
t
i
ng
pe
r
s
ona
l
i
nf
or
m
a
t
i
o
n
a
nd
pr
i
va
c
y
.",,PRIV.ANON,decision,conditional,from_state,3,text,assigned,1.0,fuzzy_character,quote,G051,P05,positive,,False
codex:CAL-051-U01:S007,codex,CAL-R0009,CAL-051-U01,CN_China_2021,8,probability,CAL-051-P0008-B01,"T
he
e
-
C
N
Y
s
y
s
t
e
m
c
ol
l
e
c
t
s
l
e
s
s
t
r
a
ns
a
c
t
i
on
i
nf
or
m
a
t
i
on
t
ha
n
t
r
a
di
t
i
ona
l
e
l
e
c
t
r
oni
c
pa
y
m
e
nt
a
nd
doe
s
not
pr
ovi
de
i
nf
or
m
a
t
i
on
t
o
t
hi
r
d
pa
r
t
i
e
s
or
ot
he
r
g
ove
r
nm
e
nt
a
ge
nc
i
e
s
unl
e
s
s
s
t
i
pul
a
t
e
d
ot
he
r
w
i
s
e
i
n
l
a
w
s
a
nd
r
e
gul
a
t
i
ons
.",,PRIV.MIN,decision,increases,from_state,3,text,unassigned,1.0,fuzzy_character,quote,,,,,False
codex:CAL-052-U01:S001,codex,CAL-R0009,CAL-052-U01,MO_AMCM_eMOP_WP,20,probability,CAL-052-P0020-B01,"Simultaneously, the adoption of e-MOP is 
expected to enhance financial inclusion, maintain financial stability 
and provide solid support for Macao’s financial industry, as well as 
the broader socioeconomic development.",,ACCESS.universal,proposal,neutral,not_applicable,2,text,assigned,0.870968,fuzzy_token,quote,G052,P01,positive,,False
codex:CAL-052-U01:S002,codex,CAL-R0009,CAL-052-U01,MO_AMCM_eMOP_WP,20,probability,CAL-052-P0020-B01,"As a legal tender by nature, e-MOP can be accessed via specialised 
software and hardware wallets.",,LEGAL.basis,decision,neutral,not_applicable,3,text,assigned,1.0,normalized_contains,quote,G052,P03,positive,,False
codex:CAL-056-U01:S001,codex,CAL-R0010,CAL-056-U01,HK_HKMA_2022,18,probability,CAL-056-P0018-B01,"The HKMA concurs that managing competing 
design principles, with due regard to 
regulatory and compliance standards, would 
be one of the critical aspects in the design 
architecture of CBDC.",,PRIV.BAL,proposal,conditional,from_state,2,text,assigned,1.0,normalized_contains,quote,G056,P03,positive,,False
codex:CAL-058-U01:S001,codex,CAL-R0010,CAL-058-U01,NO_Norway_norges-bank-memo-1-2021,47,probability,CAL-058-P0047-B01,"På den annen side vil et kontobasert system med en egen modul for lokal 
lagring trolig være best egnet til umiddelbare og endelige offline-betalinger i en 
beredskapssituasjon.","On the other hand, an account-based system with a separate module for local storage will probably be best suited to immediate and final offline payments in an emergency situation.",OPS.resilience,proposal,neutral,not_applicable,2,text,unassigned,0.0,none,,,,,,False
codex:CAL-058-U01:S002,codex,CAL-R0010,CAL-058-U01,NO_Norway_norges-bank-memo-1-2021,47,probability,CAL-058-P0047-B01,"Selv om skillet mellom løsninger i BIS (2018) kan være nyttig for eksempel 
ved analyser av økonomiske virkninger, synes det ikke hensiktsmessig å 
opprettholde skillet i det videre arbeidet med å validere løsninger mot 
egenskaper, særlig i teknisk testing.","Although the distinction between solutions in BIS (2018) may be useful, for example in analyses of economic effects, it does not seem appropriate to maintain the distinction in the further work of validating solutions against properties, especially in technical testing.",TECH.TOKEN.considered,proposal,neutral,not_applicable,2,text,unassigned,0.0,none,,,,,,False
codex:CAL-061-U01:S001,codex,CAL-R0011,CAL-061-U01,FR_BdF_2022,10,stress_nonEN,CAL-061-P0010-B01,"The Banque 
de France was the first to conduct 
interbank CBDC experiments, including 
the implementation of a CBDC “under 
real conditions” .",,PROC.pilot_learning,finding,neutral,not_applicable,2,text,assigned,1.0,normalized_contains,quote,G061,P06,excluded,,False
codex:CAL-061-U01:S002,codex,CAL-R0011,CAL-061-U01,FR_BdF_2022,10,stress_nonEN,CAL-061-P0010-B01,"The tests 
conducted under real conditions focused 
on delivery versus payment (DvP), payment 
versus payment (PvP) transactions, and 
cross-border payments involving, in most 
cases, tokenised financial assets.",,INTEROP.crossborder,finding,neutral,not_applicable,2,text,assigned,1.0,normalized_contains,quote,G061,P07,excluded,,False
codex:CAL-061-U01:S003,codex,CAL-R0011,CAL-061-U01,FR_BdF_2022,10,stress_nonEN,CAL-061-P0010-B01,"The programme showed how an interbank 
CBDC could help secure the development 
of tokenised financial markets by providing 
stakeholders with the benefits of distributed 
ledger technology, in particular distributed 
ledger-based end-to-end processing of 
tokenised securities settlement and 
payment-versus-payment transactions, 
including cross-border transactions, while 
benefiting from secure central bank money 
settlement for the transactions made in this 
manner.",,TECH.DLT,finding,neutral,not_applicable,3,text,assigned,1.0,normalized_contains,quote,G061,P08,positive,TECH.TOKEN.considered,False
codex:CAL-062-U01:S001,codex,CAL-R0011,CAL-062-U01,UY_Uruguay_BCU_BilleteDigital_2017,6,stress_nonEN,CAL-062-P0006-B01,"Sistema GSMT (Global 
Solutions for Money 
Technologies) integrado por 
dos módulos GDM (emisión 
en BCU) y GEM (en IBM)","GSMT system (Global Solutions for Money Technologies), comprising two modules: GDM (issuance at BCU) and GEM (at IBM).",SYS.design,decision,neutral,not_applicable,2,text,unassigned,0.0,none,,,,,,False
codex:CAL-063-U01:S001,codex,CAL-R0011,CAL-063-U01,RU_Russia_digital_ruble_30062025,13,stress_nonEN,CAL-063-P0013-B01,"В июне 2022 г. в экспериментальной среде на тестовых цифровых рублях с банками из пилотной 
группы были отработаны переводы между физическими лицами (C2C), оплата товаров и услуг 
(C2B) по статической ссылке и возвраты по оплате товаров и услуг (B2C).","In June 2022, transfers between individuals (C2C), payment for goods and services (C2B) via a static link, and refunds for payments for goods and services (B2C) were tested in an experimental environment using test digital rubles with banks from the pilot group.",SYS.design,finding,neutral,not_applicable,3,text,unassigned,0.0,none,,,,,,False
codex:CAL-063-U01:S002,codex,CAL-R0011,CAL-063-U01,RU_Russia_digital_ruble_30062025,13,stress_nonEN,CAL-063-P0013-B01,"В сентябре 2022 г. 
были протестированы клиентские пути в приложениях участников","In September 2022, customer journeys in the participants' applications were tested.",PROC.pilot_learning,finding,neutral,not_applicable,2,text,unassigned,0.0,none,,,,,,False
codex:CAL-063-U01:S003,codex,CAL-R0011,CAL-063-U01,RU_Russia_digital_ruble_30062025,13,stress_nonEN,CAL-063-P0013-B01,В мае 2023 г. платформа цифрового рубля введена в промышленную эксплуатацию,"In May 2023, the digital-ruble platform was put into industrial operation.",SYS.design,decision,neutral,not_applicable,3,text,unassigned,0.0,none,,,,,,False
codex:CAL-063-U01:S004,codex,CAL-R0011,CAL-063-U01,RU_Russia_digital_ruble_30062025,13,stress_nonEN,CAL-063-P0013-B01,"11 июля 
2023 г. Г осударственная Дума приняла федеральные законы, которые позволили запустить пилот 
с использованием реальных цифровых рублей.","On 11 July 2023, the State Duma adopted federal laws that made it possible to launch a pilot using real digital rubles.",LEGAL.basis,decision,neutral,not_applicable,3,text,unassigned,0.0,none,,,,,,False
codex:CAL-063-U01:S005,codex,CAL-R0011,CAL-063-U01,RU_Russia_digital_ruble_30062025,13,stress_nonEN,CAL-063-P0013-B01,"В 2024 г. параметры пилота были расширены, что позволило постепенно увеличить число 
пользователей до 9 тыс. граждан и 1200 компаний.","In 2024, the pilot parameters were expanded, making it possible to gradually increase the number of users to 9,000 citizens and 1,200 companies.",PROC.pilot_learning,finding,neutral,not_applicable,2,text,unassigned,0.0,none,,,,,,False
codex:CAL-067-U01:S001,codex,CAL-R0012,CAL-067-U01,UA_NBU_E-hryvnia_2019,39,stress_nonEN,CAL-067-P0039-B01,Profit yield No No No No Yes,,PROG.remuneration_no,proposal,neutral,not_applicable,2,text,unassigned,0.0,none,,,,,,False
codex:CAL-067-U01:S002,codex,CAL-R0012,CAL-067-U01,UA_NBU_E-hryvnia_2019,39,stress_nonEN,CAL-067-P0039-B01,"Limits on retail 
transactions 
Yes No Yes Yes Depending on 
transaction type",,AML.LIMIT,proposal,neutral,not_applicable,2,text,unassigned,0.0,none,,,,,,False
codex:CAL-076-U01:S001,codex,CAL-R0013,CAL-076-U01,SG_MAS_mas-project-orchid-report,35,stress_long,CAL-076-P0035-B01,"Any such system would then 
need to ensure that the overall cost of the system is 
kept low for it to be a viable alternative.",,ADOPT.experience,proposal,neutral,not_applicable,2,text,assigned,1.0,normalized_contains,quote,G076,P01,positive,,False
codex:CAL-076-U01:S002,codex,CAL-R0013,CAL-076-U01,SG_MAS_mas-project-orchid-report,35,stress_long,CAL-076-P0035-B01,"It is important 
that special care be made to keep the user 
experience intuitive and accessible especially to 
more vulnerable segments of the population.",,ADOPT.experience,proposal,neutral,not_applicable,2,text,assigned,1.0,normalized_contains,quote,G076,P04,positive,,False
codex:CAL-076-U01:S003,codex,CAL-R0013,CAL-076-U01,SG_MAS_mas-project-orchid-report,35,stress_long,CAL-076-P0035-B01,"If users lose their private keys to their digital 
wallets, there is no feasible way to get back access 
to the contents of their digital wallets. This also 
means that any digital asset or PBM that is stored 
within that digital wallet will be inaccessible to 
any party.",,OPS.resilience,proposal,neutral,not_applicable,2,text,assigned,0.963134,fuzzy_character,quote,G076,P05,excluded,,False
codex:CAL-076-U01:S004,codex,CAL-R0013,CAL-076-U01,SG_MAS_mas-project-orchid-report,35,stress_long,CAL-076-P0035-B01,"PBMs are designed to be used in a permissioned 
ecosystem and for payments of goods and services 
that are provided by approved merchants. This is to 
mitigate money laundering and terrorist financing 
risk concerns.",,SYS.design,decision,neutral,not_applicable,2,text,assigned,1.0,normalized_contains,quote,G076,P12,positive,,False
codex:CAL-076-U01:S005,codex,CAL-R0013,CAL-076-U01,SG_MAS_mas-project-orchid-report,35,stress_long,CAL-076-P0035-B01,"To mitigate risks, the digital SGD issuer, the 
merchant wallet provider and the entity handling 
the last mile settlement would need to be a 
regulated bank or payment institution.",,SYS.design,proposal,neutral,not_applicable,2,text,unassigned,1.0,normalized_contains,quote,,,,,False
codex:CAL-077-U01:S001,codex,CAL-R0013,CAL-077-U01,FR_BdF_2022,11,stress_long,CAL-077-P0011-B01,"As the Banque de France follows a technology-
agnostic approach, its experiments have 
made it possible to test various technologies, 
whether private or public DLTs implemented 
on open or proprietary protocols.","La Banque de France adoptant une approche neutre sur le plan technologique, ses expérimentations ont permis de tester diverses technologies, qu'il s'agisse de DLT privées ou publiques mises en œuvre sur des protocoles ouverts ou propriétaires.",TECH.DLT,finding,neutral,not_applicable,2,text,assigned,1.0,normalized_contains,quote,G077,P02,positive,,False
codex:CAL-077-U01:S002,codex,CAL-R0013,CAL-077-U01,FR_BdF_2022,11,stress_long,CAL-077-P0011-B01,"The 
experiments have shown that, regardless 
of the underlying technology, an interbank 
CBDC can be an effective means of payment 
for the multiple use cases envisaged.","Les expérimentations ont montré que, quelle que soit la technologie sous-jacente, une CBDC interbancaire peut constituer un moyen de paiement efficace pour les multiples cas d'utilisation envisagés.",SYS.design,finding,neutral,not_applicable,3,text,unassigned,1.0,normalized_contains,quote,,,,,False
codex:CAL-077-U01:S003,codex,CAL-R0013,CAL-077-U01,FR_BdF_2022,11,stress_long,CAL-077-P0011-B01,"They 
also confirmed that central banks can retain 
control of the CBDC over these different 
types of DLTs, in particular by exploiting 
the programmability features of central bank 
money provided by this technology.","Elles ont également confirmé que les banques centrales peuvent conserver le contrôle de la CBDC sur ces différents types de DLT, notamment en exploitant les fonctionnalités de programmabilité de la monnaie de banque centrale offertes par cette technologie.",PROG.generic,finding,neutral,not_applicable,2,text,unassigned,0.519553,fuzzy_character,quote,,,,,False
codex:CAL-077-U01:S004,codex,CAL-R0013,CAL-077-U01,FR_BdF_2022,11,stress_long,CAL-077-P0011-B01,"The conclusions of this first experimental 
programme conducted in 2020 and 2021, 
which were the subject of a report2 and a 
press release3 published on the Banque de 
France website, confirm the intuitions that 
prompted the Banque de France to launch 
the programme: an interbank CBDC would 
maximise the benefits expected by the 
market from the use of DLT for interbank 
transactions by giving market participants a 
secure means of settlement in central bank 
money, thus eliminating any counterparty 
risk, in compliance with the European 
and international rules implemented after 
the 2008 crisis.","Les conclusions de ce premier programme expérimental mené en 2020 et 2021, qui ont fait l'objet d'un rapport et d'un communiqué de presse publiés sur le site de la Banque de France, confirment les intuitions qui ont conduit la Banque de France à lancer le programme : une CBDC interbancaire maximiserait les bénéfices attendus par le marché de l'utilisation de la DLT pour les transactions interbancaires, en fournissant aux acteurs du marché un moyen de règlement sûr en monnaie de banque centrale, éliminant ainsi tout risque de contrepartie, dans le respect des règles européennes et internationales mises en œuvre après la crise de 2008.",SYS.design,finding,neutral,not_applicable,3,text,unassigned,0.769231,fuzzy_character,quote,,,,,False
codex:CAL-077-U01:S005,codex,CAL-R0013,CAL-077-U01,FR_BdF_2022,11,stress_long,CAL-077-P0011-B01,"As regards the methodology, 
the experiments with market participants 
have proven to be a valuable tool to test, 
under real conditions, the selected use cases 
and help develop the definition of what a 
future interbank CBDC could look like.","En ce qui concerne la méthodologie, les expérimentations avec les acteurs du marché se sont révélées un outil précieux pour tester, en conditions réelles, les cas d'utilisation retenus et contribuer à définir ce que pourrait être une future CBDC interbancaire.",PROC.pilot_learning,finding,neutral,not_applicable,2,text,assigned,1.0,normalized_contains,quote,G077,P03,positive,TECH.DLT,False
codex:CAL-078-U01:S001,codex,CAL-R0013,CAL-078-U01,UA_NBU_E-hryvnia_2019,31,stress_long,CAL-078-P0031-B01,"Assessment of the basic technological solution used for 
implementation of the Platform allows for a gen eral 
conclusion that it will be fully possible and effective, although 
not mandatory (due to the lack of fundamental advantages), 
to use the distributed ledger technology for the Platform’s 
operation under the centralized model of e -hryvnia issuance 
and circulation.",,TECH.DLT,finding,neutral,not_applicable,3,text,assigned,1.0,fuzzy_character,quote,G078,P02,positive,,False
codex:CAL-078-U01:S002,codex,CAL-R0013,CAL-078-U01,UA_NBU_E-hryvnia_2019,31,stress_long,CAL-078-P0031-B01,"The main technological risk for development and distribution 
of the Platform in its current version is that a private version 
of the Stellar blockchain protocol (which was brought in line 
with the NBU’s requirements) was used for the Platform. 
Such version hampers (virtually prevents) the elimination of 
errors and vulnerabilities of the Stellar blockchain protocol as 
well as the development of the Platform’s functions as new 
options are being added to the basic blockchain protocol.",,OPS.resilience,finding,neutral,not_applicable,3,text,assigned,1.0,normalized_contains,quote,G078,P03,positive,,False
codex:CAL-078-U01:S003,codex,CAL-R0013,CAL-078-U01,UA_NBU_E-hryvnia_2019,31,stress_long,CAL-078-P0031-B01,"This risk makes it virtually unacceptable to apply at a national 
scale the solution used in the Pilot Project. The risk has to be 
taken into consideration in further development and 
reengineering of the Platform.",,OPS.resilience,decision,neutral,not_applicable,3,text,assigned,1.0,normalized_contains,quote,G078,P04,positive,TECH.DLT,False
codex:CAL-078-U01:S004,codex,CAL-R0013,CAL-078-U01,UA_NBU_E-hryvnia_2019,31,stress_long,CAL-078-P0031-B01,"Therefore, 
the only effective way of implementing the systems based on 
open-source projects would be to use a test solution with 
open Internet access to build and test the Platform’s 
components and to develop an efficient procedure for testing 
and introducing changes in the production environment.",,OPS.resilience,proposal,neutral,not_applicable,2,text,unassigned,0.697561,fuzzy_character,quote,,,,,False
codex:CAL-078-U01:S005,codex,CAL-R0013,CAL-078-U01,UA_NBU_E-hryvnia_2019,31,stress_long,CAL-078-P0031-B01,"The specifics of the blockchain solution selected for the Pilot 
Project include a requirement of time synchronization 
between the Platform’s nodes (especially validator nodes). In 
the test environmen t, blocks were closing unstably in the 
event of time desynchronization of over 10 seconds between 
validator servers.",,OPS.resilience,finding,neutral,not_applicable,2,text,assigned,1.0,fuzzy_character,quote,G078,P09,positive,,False
codex:CAL-078-U01:S006,codex,CAL-R0013,CAL-078-U01,UA_NBU_E-hryvnia_2019,31,stress_long,CAL-078-P0031-B01,"It is worth noting that, once a certain volume of data is stored 
to the Platform, there is a major slowdown in recovering a 
registered validator node and in adding a new one. Such an 
effect was found in the test system and, to some extent, 
during the recovery of validator nodes in the production 
environment in the course of the Pilot Project.",,OPS.resilience,finding,neutral,not_applicable,2,text,assigned,1.0,normalized_contains,quote,G078,P10,positive,TECH.DLT,False
claude:CAL-001-U01:S001,claude,CAL-R0001,CAL-001-U01,CN_China_BIS_2022,57,probability,CAL-001-P0057-B01,"In particular, the 
return on the CBDC could be set so that it does not exceed the marginal (average) 
net benefit of a deposit for an efficient price -taking bank.",,PROG.remuneration_considered,proposal,neutral,not_applicable,2,text,assigned,1.0,normalized_contains,quote,G001,P04,excluded,,False
claude:CAL-003-U01:S001,claude,CAL-R0001,CAL-003-U01,RU_Russia_digital_ruble_30062025,23,probability,CAL-003-P0023-B01,"Механизмы исполнения смарт-контрактов на платформе цифрового рубля функционируют 
с применением процедур контроля целостности смарт-контрактов и разграничения прав доступа 
к возможности их запуска.",Smart contract execution mechanisms on the digital ruble platform operate using procedures for controlling the integrity of smart contracts and differentiating access rights to launch them.,OPS.resilience,decision,neutral,not_applicable,2,text,unassigned,0.0,none,,,,,,False
claude:CAL-003-U01:S002,claude,CAL-R0001,CAL-003-U01,RU_Russia_digital_ruble_30062025,23,probability,CAL-003-P0023-B01,"Для защиты информации на платформе цифрового рубля используется система удостоверяющих 
центров, созданных на основе отечественных средств криптографической защиты информации 
(СКЗИ), сертифицированных ФСБ России.","To protect information on the digital ruble platform, a system of certification centers is used, created on the basis of domestic cryptographic information protection means (SKZI) certified by the FSB of Russia.",OPS.resilience,decision,neutral,not_applicable,2,text,unassigned,0.0,none,,,,,,False
claude:CAL-003-U01:S003,claude,CAL-R0001,CAL-003-U01,RU_Russia_digital_ruble_30062025,23,probability,CAL-003-P0023-B01,"Для обеспечения безопасности и надежности функционирования платформы цифрового рубля 
используются специализированные системы мониторинга информационной безопасности, 
позволяющие оперативно реагировать на любые попытки компьютерных атак и проводить 
обработку инцидентов информационной безопасности с целью защиты финансовых средств 
пользователей и участников платформы цифрового рубля и конфиденциальности информации.","To ensure the security and reliability of the digital ruble platform's operation, specialized information security monitoring systems are used, allowing rapid response to any attempted computer attacks and processing of information security incidents in order to protect the financial funds of users and participants of the digital ruble platform and the confidentiality of information.",OPS.resilience,decision,neutral,not_applicable,3,text,unassigned,0.0,none,,,,,,False
claude:CAL-003-U01:S004,claude,CAL-R0001,CAL-003-U01,RU_Russia_digital_ruble_30062025,23,probability,CAL-003-P0023-B01,"Банк России издал Положение № 833-П2, 
исполнение которого проверяется при подключении участника к платформе цифрового рубля 
в соответствии с Условиями по защите информации для участников платформы цифрового рубля, 
опубликованными на официальном сайте Банка России.","The Bank of Russia issued Regulation No. 833-P, compliance with which is verified when a participant connects to the digital ruble platform in accordance with the Information Protection Conditions for participants of the digital ruble platform, published on the official website of the Bank of Russia.",OPS.resilience,decision,neutral,not_applicable,2,text,unassigned,0.0,none,,,,,,False
claude:CAL-003-U01:S005,claude,CAL-R0001,CAL-003-U01,RU_Russia_digital_ruble_30062025,23,probability,CAL-003-P0023-B01,"Пользователи и участники взаимодействуют с платформой цифрового рубля по защищенным 
каналам связи с использованием СКЗИ, сертифицированных ФСБ России.",Users and participants interact with the digital ruble platform via secure communication channels using SKZI certified by the FSB of Russia.,OPS.resilience,decision,neutral,not_applicable,2,text,unassigned,0.0,none,,,,,,False
claude:CAL-003-U01:S006,claude,CAL-R0001,CAL-003-U01,RU_Russia_digital_ruble_30062025,23,probability,CAL-003-P0023-B01,"Все сообщения пользователей, направленные на платформу цифрового рубля, подписываются 
их электронными подписями и хранятся на платформе, что обеспечивает их целостность, 
возможность проверки авторства и проведения объективных претензионных процедур (при 
необходимости).","All user messages sent to the digital ruble platform are signed with their electronic signatures and stored on the platform, which ensures their integrity, the ability to verify authorship, and to conduct objective claims procedures (if necessary).",OPS.resilience,decision,neutral,not_applicable,2,text,unassigned,0.0,none,,,,,,False
claude:CAL-003-U01:S007,claude,CAL-R0001,CAL-003-U01,RU_Russia_digital_ruble_30062025,23,probability,CAL-003-P0023-B01,"Банком России была реализована концепция специализированного 
программного модуля, встраиваемого в мобильные приложения участников платформы, 
обеспечивающего криптографическую защиту информации. Использование программного модуля 
также обеспечивает надежное подтверждение личности владельца счета цифрового рубля.","The Bank of Russia implemented a concept of a specialized software module embedded in the mobile applications of platform participants, providing cryptographic information protection. The use of the software module also ensures reliable confirmation of the identity of the digital ruble account owner.",KYC.IDV,decision,neutral,not_applicable,2,text,unassigned,0.0,none,,,,,,False
claude:CAL-003-U01:S008,claude,CAL-R0001,CAL-003-U01,RU_Russia_digital_ruble_30062025,23,probability,CAL-003-P0023-B01,"В соответствии с требованиями Банка России ведущие специалисты по СКЗИ разных компаний 
разработали три программных модуля, содержащих сертифицированные СКЗИ, готовые 
к встраиванию в мобильные приложения участников платформы.","In accordance with the requirements of the Bank of Russia, leading SKZI specialists from various companies developed three software modules containing certified SKZI, ready for embedding into the mobile applications of platform participants.",OPS.resilience,decision,neutral,not_applicable,1,text,unassigned,0.0,none,,,,,,False
claude:CAL-005-U01:S001,claude,CAL-R0001,CAL-005-U01,HK_HKMA_eHKD_Phase2_2025,27,probability,CAL-005-P0027-B01,"Phase 2 pilots tested two distinct approaches 
for representing balances in offline payment 
systems: the account-based model and the 
unspent transaction output (UTXO) model 
(see Box B).",,TECH.TOKEN.considered,finding,neutral,not_applicable,2,text,assigned,0.953642,fuzzy_character,quote,G005,P06,positive,,False
claude:CAL-005-U01:S002,claude,CAL-R0001,CAL-005-U01,HK_HKMA_eHKD_Phase2_2025,27,probability,CAL-005-P0027-B01,"The pilots showed that the account-based model 
requires recording only essential transaction 
details, including the payer, payee, transaction 
amount, transaction identifier and digital 
signature. This streamlined approach results 
in lower data storage demands, making it well-
suited for devices with limited memory capacity.",,TECH.TOKEN.considered,finding,neutral,not_applicable,3,text,unassigned,0.715328,fuzzy_character,quote,,,,,False
claude:CAL-005-U01:S003,claude,CAL-R0001,CAL-005-U01,HK_HKMA_eHKD_Phase2_2025,27,probability,CAL-005-P0027-B01,"In contrast, the UTXO model entails higher 
data storage requirements due to its need to 
record the entire transaction history to ensure 
traceability and validate unspent outputs.",,TECH.TOKEN.considered,finding,neutral,not_applicable,2,text,assigned,1.0,normalized_contains,quote,G005,P08,positive,,False
claude:CAL-005-U01:S004,claude,CAL-R0001,CAL-005-U01,HK_HKMA_eHKD_Phase2_2025,27,probability,CAL-005-P0027-B01,"The account-based model will therefore be more 
suitable for implementing an offline e-HKD, 
were one to be introduced.",,TECH.TOKEN.decided_no,finding,neutral,not_applicable,3,text,assigned,1.0,normalized_contains,quote,G005,P09,positive,,False
claude:CAL-005-U01:S005,claude,CAL-R0001,CAL-005-U01,HK_HKMA_eHKD_Phase2_2025,27,probability,CAL-005-P0027-B01,"the survey found that most retail users expect it 
to be free of charge for both online and offline 
transactions, given the numerous convenient 
payment options available in Hong Kong.",,ADOPT.experience,finding,neutral,not_applicable,2,text,assigned,1.0,normalized_contains,quote,G005,P02,positive,ADOPT.experience,True
claude:CAL-005-U01:S006,claude,CAL-R0001,CAL-005-U01,HK_HKMA_eHKD_Phase2_2025,27,probability,CAL-005-P0027-B01,"The survey found that 68% of merchants would 
expect a fee structure that aligns with their 
current merchant fee.",,ADOPT.experience,finding,neutral,not_applicable,2,text,assigned,1.0,normalized_contains,quote,G005,P04,positive,ADOPT.experience,True
claude:CAL-009-U01:S001,claude,CAL-R0002,CAL-009-U01,IL_Israel_#U05d0#U05e8#U05db#U05d9#U05d8#U05e7#U05d8#U05d5#U05e8#U05d4-#U05dc#U05d5#U05d2#U05d9#U05ea-#U05d0#U05e0#U05d2#U05dc#U05d9#U05ea.pdf,9,probability,CAL-009-P0009-B01,"The digital shekel system will operate as a financial system for immediate payments between end users 
(individuals, businesses, various organizations, and government agencies).",,SYS.design,decision,neutral,not_applicable,2,text,assigned,1.0,normalized_contains,quote,G009,P04,positive,,False
claude:CAL-009-U01:S002,claude,CAL-R0002,CAL-009-U01,IL_Israel_#U05d0#U05e8#U05db#U05d9#U05d8#U05e7#U05d8#U05d5#U05e8#U05d4-#U05dc#U05d5#U05d2#U05d9#U05ea-#U05d0#U05e0#U05d2#U05dc#U05d9#U05ea.pdf,9,probability,CAL-009-P0009-B01,"According to the two-tier model, 
the Bank of Israel and intermediaries will be involved in providing the complete solution to end users.",,SYS.design,decision,neutral,not_applicable,3,text,unassigned,1.0,normalized_contains,quote,,,,,False
claude:CAL-009-U01:S003,claude,CAL-R0002,CAL-009-U01,IL_Israel_#U05d0#U05e8#U05db#U05d9#U05d8#U05e7#U05d8#U05d5#U05e8#U05d4-#U05dc#U05d5#U05d2#U05d9#U05ea-#U05d0#U05e0#U05d2#U05dc#U05d9#U05ea.pdf,9,probability,CAL-009-P0009-B01,"In the 
layer of intermediaries, a distinction will be made between two types of participants that require different 
functionality in implementing the solution: payment service providers (PSPs) and f unding institutions (FIs).",,KYC.INTERMED,decision,neutral,not_applicable,2,text,unassigned,0.989305,fuzzy_character,quote,,,,,False
claude:CAL-009-U01:S004,claude,CAL-R0002,CAL-009-U01,IL_Israel_#U05d0#U05e8#U05db#U05d9#U05d8#U05e7#U05d8#U05d5#U05e8#U05d4-#U05dc#U05d5#U05d2#U05d9#U05ea-#U05d0#U05e0#U05d2#U05dc#U05d9#U05ea.pdf,9,probability,CAL-009-P0009-B01,"Additionally, there may be additional advanced service providers (ASPs) that end users are not required to 
interact with, although they will be able to provide end users with additional services, including information 
services, conditional payments, or other innovative payment applications.",,PROG.generic,proposal,neutral,not_applicable,1,text,unassigned,1.0,normalized_contains,quote,,,,,False
claude:CAL-012-U01:S001,claude,CAL-R0002,CAL-012-U01,IL_Israel_#U05d0#U05e8#U05db#U05d9#U05d8#U05e7#U05d8#U05d5#U05e8#U05d4-#U05dc#U05d5#U05d2#U05d9#U05ea-#U05d0#U05e0#U05d2#U05dc#U05d9#U05ea.pdf,23,probability,CAL-012-P0023-B01,"the 
central bank will act as an intermediary between the two entities and will execute the debit 
operation from the FI's digital shekel wallet and, in parallel, the credit operation to the end user's 
digital shekel wallet.",,SYS.design,proposal,neutral,not_applicable,2,text,unassigned,0.535912,fuzzy_character,quote,,,,,False
claude:CAL-012-U01:S002,claude,CAL-R0002,CAL-012-U01,IL_Israel_#U05d0#U05e8#U05db#U05d9#U05d8#U05e7#U05d8#U05d5#U05e8#U05d4-#U05dc#U05d5#U05d2#U05d9#U05ea-#U05d0#U05e0#U05d2#U05dc#U05d9#U05ea.pdf,23,probability,CAL-012-P0023-B01,"Since the issuance of digital shekels is performed directly from the central 
bank to the end user's wallet, this situation deviates from the indirect distribution model 
mentioned in the previous section .",,SYS.design,finding,neutral,not_applicable,2,text,assigned,1.0,normalized_contains,quote,G012,P01,positive,,False
claude:CAL-012-U01:S003,claude,CAL-R0002,CAL-012-U01,IL_Israel_#U05d0#U05e8#U05db#U05d9#U05d8#U05e7#U05d8#U05d5#U05e8#U05d4-#U05dc#U05d5#U05d2#U05d9#U05ea-#U05d0#U05e0#U05d2#U05dc#U05d9#U05ea.pdf,23,probability,CAL-012-P0023-B01,this configuration might raise privacy and AML compliance issues for the FI.,,PRIV.BAL,finding,conditional,from_intermediary,1,text,unassigned,0.984375,fuzzy_character,quote,,,,,False
claude:CAL-012-U01:S004,claude,CAL-R0002,CAL-012-U01,IL_Israel_#U05d0#U05e8#U05db#U05d9#U05d8#U05e7#U05d8#U05d5#U05e8#U05d4-#U05dc#U05d5#U05d2#U05d9#U05ea-#U05d0#U05e0#U05d2#U05dc#U05d9#U05ea.pdf,23,probability,CAL-012-P0023-B01,"It is possible that the generic solution presented above will enable conversions of low amounts, up to certain 
thresholds which will be determined on the basis of, among other things, issues related to AML/CFT.",,AML.LIMIT,proposal,neutral,not_applicable,2,text,assigned,1.0,fuzzy_character,quote,G012,P03,positive,,False
claude:CAL-012-U01:S005,claude,CAL-R0002,CAL-012-U01,IL_Israel_#U05d0#U05e8#U05db#U05d9#U05d8#U05e7#U05d8#U05d5#U05e8#U05d4-#U05dc#U05d5#U05d2#U05d9#U05ea-#U05d0#U05e0#U05d2#U05dc#U05d9#U05ea.pdf,23,probability,CAL-012-P0023-B01,"For 
higher amounts, the solution will be based on the two -step process outlined above, requiring deposit to or 
withdrawal from the end user's bank account.",,SYS.design,proposal,neutral,not_applicable,2,text,unassigned,1.0,normalized_contains,quote,,,,,False
claude:CAL-013-U01:S001,claude,CAL-R0003,CAL-013-U01,ID_Indonesia_2023a,5,probability,CAL-013-P0005-B01,"On the
first stage (immediate state), Bank Indonesia
develops wholesale Digital Rupiah (w-Digital
Rupiah) cash ledger (issuance, redemption, and
transference of funds use cases).",,SYS.design,decision,neutral,not_applicable,3,text,assigned,1.0,normalized_contains,quote,G013,P02,excluded,,False
claude:CAL-013-U01:S002,claude,CAL-R0003,CAL-013-U01,ID_Indonesia_2023a,5,probability,CAL-013-P0005-B01,"On the next
stage (intermediate state), Bank Indonesia will
expand the w-Digital Rupiah use cases to include
broader types of financial market transactions.",,SYS.design,proposal,neutral,not_applicable,2,text,unassigned,1.0,normalized_contains,quote,,,,,False
claude:CAL-013-U01:S003,claude,CAL-R0003,CAL-013-U01,ID_Indonesia_2023a,5,probability,CAL-013-P0005-B01,"Lastly, on the final stage (end state), Bank
Indonesia will pilot the integrated end-to-end
design of w-Digital Rupiah and retail Digital
Rupiah (r-Digital Rupiah).",,SYS.design,proposal,neutral,not_applicable,2,text,unassigned,0.746154,fuzzy_character,quote,,,,,False
claude:CAL-014-U01:S001,claude,CAL-R0003,CAL-014-U01,EU_ECB_ThirdProgress_2025,8,probability,CAL-014-P0008-B01,"In the kick-off session the ECB reiterated the
Eurosystem’s commitment to creating a digital euro that benefits the private sector – both PSPs and
merchants – while guaranteeing access and usability for all citizens.",,ACCESS.universal,decision,neutral,not_applicable,2,text,assigned,1.0,normalized_contains,quote,G014,P03,positive,ADOPT.experience,False
claude:CAL-019-U01:S001,claude,CAL-R0004,CAL-019-U01,IN_RBI_ConceptNote_2022,45,probability,CAL-019-P0045-B01,"Under the intermediate 
model, commercial banks may be best placed 
to conduct AML/CFT checks and the 
responsibility for compliance with AML/CFT 
guidelines should rest with them.",,KYC.INTERMED,proposal,neutral,not_applicable,2,text,unassigned,0.37415,fuzzy_character,quote,,,,,False
claude:CAL-019-U01:S002,claude,CAL-R0004,CAL-019-U01,IN_RBI_ConceptNote_2022,45,probability,CAL-019-P0045-B01,"This arrangement means that the Bank 
would not hold granular personal data on any 
user, reducing the privacy concerns that could 
arise in connection with holding personal user 
data, but AML requirements could still be met by 
the CBDC system as a whole.",,PRIV.CB.visibility.opaque,proposal,increases,from_state,2,text,assigned,0.898551,fuzzy_character,quote,G019,P03,positive,,False
claude:CAL-019-U01:S003,claude,CAL-R0004,CAL-019-U01,IN_RBI_ConceptNote_2022,45,probability,CAL-019-P0045-B01,"The design of the CBDC should have 
the embedded mechanism for identifying and 
monitoring the transactions , as per the 
threshold limit as applicable in case of cash, to 
maintain the financial sector integrity.",,AML.MON,proposal,neutral,not_applicable,2,text,assigned,1.0,normalized_contains,quote,G019,P05,positive,,False
claude:CAL-019-U01:S004,claude,CAL-R0004,CAL-019-U01,IN_RBI_ConceptNote_2022,45,probability,CAL-019-P0045-B01,"It needs to be ensured that the ultimate 
responsibility for Customer Due Di ligence 
(CDD) is clearly delineated in the framework.",,KYC.INTERMED,proposal,neutral,not_applicable,2,text,assigned,1.0,fuzzy_character,quote,G019,P04,positive,,False
claude:CAL-019-U01:S005,claude,CAL-R0004,CAL-019-U01,IN_RBI_ConceptNote_2022,45,probability,CAL-019-P0045-B01,"As 
discussed above, CBDC would need to be 
compliant with AML regulations, which rules out 
truly anonymous payments.",,PRIV.BAL,proposal,decreases,from_state,3,text,assigned,1.0,normalized_contains,quote,G019,P07,positive,,False
claude:CAL-019-U01:S006,claude,CAL-R0004,CAL-019-U01,IN_RBI_ConceptNote_2022,45,probability,CAL-019-P0045-B01,"Howev er, CBDC 
could be designed to protect privacy and give 
users control over who they share data with, 
even if CBDC payments are not truly 
anonymous (or secret).",,PRIV.ANON,proposal,conditional,from_state,2,text,unassigned,1.0,fuzzy_character,quote,,,,,False
claude:CAL-023-U01:S001,claude,CAL-R0004,CAL-023-U01,BS_Bahamas_SandDollar_2019,27,probability,CAL-023-P0027-B01,"While there is openness to greater use of digital payments services, 
there are existing pockets of reticence , linked mostly to the convenience of access or security 
concerns of using digital financial services.",,ADOPT.experience,finding,neutral,not_applicable,2,text,assigned,1.0,normalized_contains,quote,G023,P01,positive,ADOPT.experience,True
claude:CAL-027-U01:S001,claude,CAL-R0005,CAL-027-U01,TR_Turkey_Digital_Turkish_Lira_First_Phase_Evaluation_Report,34,probability,CAL-027-P0034-B01,"The component called “wallet application” within the scope of Phase-1 is the whole of 
the mobile application, wallet, DID agent, and local database components.",,SYS.design,decision,neutral,not_applicable,2,text,assigned,1.0,normalized_contains,quote,G027,P06,excluded,,False
claude:CAL-027-U01:S002,claude,CAL-R0005,CAL-027-U01,TR_Turkey_Digital_Turkish_Lira_First_Phase_Evaluation_Report,34,probability,CAL-027-P0034-B01,"In online payments, while ownership of the money can be proved through 
the wallet application, the money and ownership information are stored 
in the digital currency system. In offline payments, the money itself will be 
available on user-managed wallet devices.",,SYS.design,decision,neutral,not_applicable,2,text,unassigned,0.546296,fuzzy_character,quote,,,,,False
claude:CAL-027-U01:S003,claude,CAL-R0005,CAL-027-U01,TR_Turkey_Digital_Turkish_Lira_First_Phase_Evaluation_Report,34,probability,CAL-027-P0034-B01,"A user of the digital currency system must first have a DID value that 
identifies them.",,SYS.design,decision,neutral,not_applicable,2,text,assigned,1.0,normalized_contains,quote,G027,P03,positive,,False
claude:CAL-027-U01:S004,claude,CAL-R0005,CAL-027-U01,TR_Turkey_Digital_Turkish_Lira_First_Phase_Evaluation_Report,34,probability,CAL-027-P0034-B01,"In transfer and payment transactions, money can be sent to the DID value 
of the counterparty or to the alias assigned to the DID value. At the same 
time, these transactions can also be executed with a QR code. The QR codes 
used in the system have been designed in compliance with the TR QR code 
standard.",,INTEROP.domestic,decision,neutral,not_applicable,2,text,assigned,1.0,normalized_equal,quote,G027,P04,positive,,False
claude:CAL-027-U01:S005,claude,CAL-R0005,CAL-027-U01,TR_Turkey_Digital_Turkish_Lira_First_Phase_Evaluation_Report,34,probability,CAL-027-P0034-B01,"The key pair consists of a private and a public key. The private key is used to 
prove the authorization for the created account. Therefore, the private key 
should be handled in such a way that it is not shared with anyone. The public 
key is used to verify that the data comes from the relevant user. The key pair 
is generated by the key management service that is one of the DID agent 
components on the user’s device.",,SYS.design,decision,neutral,not_applicable,2,text,assigned,1.0,normalized_contains,quote,G027,P05,positive,,False
claude:CAL-029-U01:S001,claude,CAL-R0005,CAL-029-U01,CN_China_BIS_2022,117,probability,CAL-029-P0117-B01,"The BOK has been continuously expanding its professional workforce since 2017 and 
launched a dedicated CBDC unit in early 2020.",,INST.mandate,decision,neutral,not_applicable,2,text,assigned,1.0,normalized_contains,quote,G029,P03,negative,,False
claude:CAL-029-U01:S002,claude,CAL-R0005,CAL-029-U01,CN_China_BIS_2022,117,probability,CAL-029-P0117-B01,"It has  researched on CBDC-related 
systems and run a proof of concept (PoC) test on the feasibility of DLT to serve as the 
technological foundation of CBDC.",,TECH.DLT,finding,neutral,not_applicable,2,text,unassigned,1.0,normalized_contains,quote,,,,,False
claude:CAL-029-U01:S003,claude,CAL-R0005,CAL-029-U01,CN_China_BIS_2022,117,probability,CAL-029-P0117-B01,"This experiment adopts and examines : (i) hybrid architecture ; and (ii) DLT -
method ledger management as a basic model, following recommendations of 
international organis ations such as the BIS and cases of central banks of major 
countries.",,SYS.design,decision,neutral,not_applicable,3,text,assigned,1.0,fuzzy_character,quote,G029,P05,excluded,,False
claude:CAL-029-U01:S004,claude,CAL-R0005,CAL-029-U01,CN_China_BIS_2022,117,probability,CAL-029-P0117-B01,"The first stage of the experiment, completed in December 2021, reviewed the technological feasibility 
of basic issuance, distribution, and redemption in a distributed ledger -based CBDC experiment  
environment.",,TECH.DLT,finding,neutral,not_applicable,2,text,assigned,1.0,normalized_contains,quote,G029,P06,excluded,,False
claude:CAL-029-U01:S005,claude,CAL-R0005,CAL-029-U01,CN_China_BIS_2022,117,probability,CAL-029-P0117-B01,"In a hybrid architecture, the creation, issuance, and redemption of CBDC is performed by the central 
bank, while distribution is carried out jointly with private financial institutions.",,SYS.design,decision,neutral,not_applicable,2,text,assigned,1.0,normalized_contains,quote,G029,P07,excluded,,False
claude:CAL-029-U01:S006,claude,CAL-R0005,CAL-029-U01,CN_China_BIS_2022,117,probability,CAL-029-P0117-B01,"A distributed ledger is 
used by a number of part icipating institutions (including the central bank) that  confirm changes in 
CBDC-related information through a predefined consensus algorithm, and then distribute them to 
the ledgers owned by each institution to record and manage.",,TECH.DLT,decision,neutral,not_applicable,2,text,unassigned,1.0,fuzzy_character,quote,,,,,False
claude:CAL-030-U01:S001,claude,CAL-R0005,CAL-030-U01,NZ_RBNZ_cbdc-insights-dossier-for-public-1,48,probability,CAL-030-P0048-B01,"RBNZ’s initial preference is to ensure that users have the right level of control over their own data whilst also not inhibiting innovation in the right places. Users should own their data and start opted out, with clear opt-in options supported by a consent framework similar to the future NZ Consumer Data Right framework.",,PRIV.MIN,proposal,increases,from_intermediary,2,text,assigned,1.0,normalized_contains,quote,G030,P05,positive,,False
claude:CAL-030-U01:S002,claude,CAL-R0005,CAL-030-U01,NZ_RBNZ_cbdc-insights-dossier-for-public-1,48,probability,CAL-030-P0048-B01,RBNZ’s initial preference is to ensure wide adoption of CBDC without inhibiting organic innovation opportunities. Users will be able to spend/transfer/receive CBDC using a payment method at the point of interaction that meets their needs,,ADOPT.experience,proposal,neutral,not_applicable,2,text,assigned,1.0,raw_contains,quote,G030,P02,positive,ADOPT.experience,True
claude:CAL-032-U01:S001,claude,CAL-R0006,CAL-032-U01,US_NYFed_CedarPhaseOne_2022,4,probability,CAL-032-P0004-B01,"Test results from the experiment revealed that the blockchain-enabled 
payments system settles transactions in fewer than ten seconds on average 
and that throughput across the system increases as additional currencies are 
included.",,TECH.DLT,finding,neutral,not_applicable,3,text,unassigned,0.0,none,,,,,,False
claude:CAL-032-U01:S002,claude,CAL-R0006,CAL-032-U01,US_NYFed_CedarPhaseOne_2022,4,probability,CAL-032-P0004-B01,"Phase I was a successful twelve-week undertaking demonstrating the viability 
of this technology to enable instant and atomic settlement in a simulated foreign 
exchange (FX) spot transaction between the New York Fed and counterparties 
across separate, homogeneous ledgers.",,INTEROP.crossborder,finding,neutral,not_applicable,3,text,unassigned,0.0,none,,,,,,False
claude:CAL-032-U01:S003,claude,CAL-R0006,CAL-032-U01,US_NYFed_CedarPhaseOne_2022,4,probability,CAL-032-P0004-B01,"Under simulated test scenarios based on market throughput estimates, FX spot 
trades were atomically settled in under ten seconds, validating the project 
objectives of enabling instant and atomic settlement using DLT",,TECH.DLT,finding,neutral,not_applicable,3,text,unassigned,0.0,none,,,,,,False
claude:CAL-032-U01:S004,claude,CAL-R0006,CAL-032-U01,US_NYFed_CedarPhaseOne_2022,4,probability,CAL-032-P0004-B01,"The Phase I prototype included design choices such 
as a permissioned blockchain network",,TECH.DLT,decision,neutral,not_applicable,2,text,unassigned,0.0,none,,,,,,False
claude:CAL-032-U01:S005,claude,CAL-R0006,CAL-032-U01,US_NYFed_CedarPhaseOne_2022,4,probability,CAL-032-P0004-B01,"an Unspent Transaction Output (UTXO) 
data model, and Rust as the primary programming language. Design choices 
made for Phase I will be tested against alternatives in future phases and do not 
represent conclusive design choices of the NYIC or of any future U.S. CBDC.",,TECH.TOKEN.considered,finding,neutral,not_applicable,2,text,unassigned,0.0,none,,,,,,False
claude:CAL-032-U01:S006,claude,CAL-R0006,CAL-032-U01,US_NYFed_CedarPhaseOne_2022,4,probability,CAL-032-P0004-B01,"Phase I of Project Cedar was 
designed around a multi-ledger construct in which each currency was 
maintained on a separate ledger, operated by its respective simulated central 
bank.",,SYS.design,decision,neutral,not_applicable,2,text,unassigned,0.0,none,,,,,,False
claude:CAL-032-U01:S007,claude,CAL-R0006,CAL-032-U01,US_NYFed_CedarPhaseOne_2022,4,probability,CAL-032-P0004-B01,"Based on this 
research, a future state solution should enable atomic settlement, access to a 
wider range of counterparties, and settlement taking place faster than T+2.",,SYS.design,proposal,neutral,not_applicable,2,text,unassigned,0.0,none,,,,,,False
claude:CAL-033-U01:S001,claude,CAL-R0006,CAL-033-U01,EU_ECB_2024,2,probability,CAL-033-P0002-B01,"The rulebook is essential to ensure that digital euro payments are accepted 
throughout the euro area, just like cash payments, and will work in a harmonised 
manner.",,CASH.relation,proposal,neutral,not_applicable,2,text,assigned,1.0,normalized_contains,quote,G033,P05,excluded,,False
claude:CAL-033-U01:S002,claude,CAL-R0006,CAL-033-U01,EU_ECB_2024,2,probability,CAL-033-P0002-B01,"The draft digital euro rulebook will be sufficiently flexible to accommodate 
any future adjustments and will be updated in accordance with the outcome of the 
digital euro legislative process.",,LEGAL.basis,proposal,neutral,not_applicable,2,text,unassigned,0.574074,fuzzy_character,quote,,,,,False
claude:CAL-035-U01:S001,claude,CAL-R0006,CAL-035-U01,GH_Ghana_2021,25,probability,CAL-035-P0025-B01,BoG is the issuer of the eCedi,,INST.mandate,decision,neutral,not_applicable,3,text,assigned,1.0,normalized_contains,quote,G035,P01,positive,,False
claude:CAL-035-U01:S002,claude,CAL-R0006,CAL-035-U01,GH_Ghana_2021,25,probability,CAL-035-P0025-B01,Commercial banks are in charge of the distribution,,INST.mandate,decision,neutral,not_applicable,2,text,unassigned,1.0,raw_contains,quote,,,,,False
claude:CAL-035-U01:S003,claude,CAL-R0006,CAL-035-U01,GH_Ghana_2021,25,probability,CAL-035-P0025-B01,FinTechs are authorized to provide wallets/services,,INST.mandate,decision,neutral,not_applicable,2,text,unassigned,1.0,raw_contains,quote,,,,,False
claude:CAL-035-U01:S004,claude,CAL-R0006,CAL-035-U01,GH_Ghana_2021,25,probability,CAL-035-P0025-B01,Tranparency to mitigate money laundering in eCedi,,PRIV.CB.visibility.transparent,decision,decreases,from_state,2,text,unassigned,1.0,raw_contains,quote,,,,,False
claude:CAL-035-U01:S005,claude,CAL-R0006,CAL-035-U01,GH_Ghana_2021,25,probability,CAL-035-P0025-B01,Holistic monitoring of the ecosystem,,AML.MON,decision,neutral,not_applicable,2,text,unassigned,1.0,raw_contains,quote,,,,,False
claude:CAL-035-U01:S006,claude,CAL-R0006,CAL-035-U01,GH_Ghana_2021,25,probability,CAL-035-P0025-B01,"Accessible to anyone, trusted by anyone",,ACCESS.universal,decision,neutral,not_applicable,2,text,assigned,1.0,raw_contains,quote,G035,P05,positive,,False
claude:CAL-035-U01:S007,claude,CAL-R0006,CAL-035-U01,GH_Ghana_2021,25,probability,CAL-035-P0025-B01,"Legal tender – accepted and used for all  
payment scenarios",,LEGAL.basis,decision,neutral,not_applicable,3,text,unassigned,1.0,normalized_contains,quote,,,,,False
claude:CAL-035-U01:S008,claude,CAL-R0006,CAL-035-U01,GH_Ghana_2021,25,probability,CAL-035-P0025-B01,Works effectively both online and offline,,ACCESS.universal,decision,neutral,not_applicable,2,text,unassigned,1.0,raw_contains,quote,,,,,False
claude:CAL-035-U01:S009,claude,CAL-R0006,CAL-035-U01,GH_Ghana_2021,25,probability,CAL-035-P0025-B01,Cost efficient to consumers and merchants,,ADOPT.experience,decision,neutral,not_applicable,2,text,unassigned,1.0,raw_contains,quote,,,,,False
claude:CAL-035-U01:S010,claude,CAL-R0006,CAL-035-U01,GH_Ghana_2021,25,probability,CAL-035-P0025-B01,"Interoperability with existing payment  
infrastructure on the Ghanaian market",,INTEROP.domestic,decision,neutral,not_applicable,3,text,assigned,1.0,normalized_contains,quote,G035,P02,positive,,False
claude:CAL-035-U01:S011,claude,CAL-R0006,CAL-035-U01,GH_Ghana_2021,25,probability,CAL-035-P0025-B01,Potential for the programmable payments,,PROG.generic,proposal,neutral,not_applicable,1,text,unassigned,1.0,raw_contains,quote,,,,,False
claude:CAL-035-U01:S012,claude,CAL-R0006,CAL-035-U01,GH_Ghana_2021,25,probability,CAL-035-P0025-B01,Potential for cross border payments,,INTEROP.crossborder,proposal,neutral,not_applicable,1,text,unassigned,1.0,raw_contains,quote,,,,,False
claude:CAL-035-U01:S013,claude,CAL-R0006,CAL-035-U01,GH_Ghana_2021,25,probability,CAL-035-P0025-B01,Highest security requirements,,OPS.resilience,decision,neutral,not_applicable,2,text,unassigned,1.0,raw_contains,quote,,,,,False
claude:CAL-035-U01:S014,claude,CAL-R0006,CAL-035-U01,GH_Ghana_2021,25,probability,CAL-035-P0025-B01,Supports high transaction volumes,,SYS.design,decision,neutral,not_applicable,2,text,unassigned,1.0,raw_contains,quote,,,,,False
claude:CAL-035-U01:S015,claude,CAL-R0006,CAL-035-U01,GH_Ghana_2021,25,probability,CAL-035-P0025-B01,Strong resilience and availability,,OPS.resilience,decision,neutral,not_applicable,2,text,unassigned,1.0,raw_contains,quote,,,,,False
claude:CAL-035-U01:S016,claude,CAL-R0006,CAL-035-U01,GH_Ghana_2021,25,probability,CAL-035-P0025-B01,Payments are instant,,SYS.design,decision,neutral,not_applicable,2,text,unassigned,0.0,none,,,,,,False
claude:CAL-035-U01:S017,claude,CAL-R0006,CAL-035-U01,GH_Ghana_2021,25,probability,CAL-035-P0025-B01,"Foremost, the eCedi has to be under full control of 
BoG, being the only entity to create and destroy 
digital cash.",,INST.mandate,decision,neutral,not_applicable,3,text,assigned,1.0,normalized_contains,quote,G035,P03,positive,,False
claude:CAL-035-U01:S018,claude,CAL-R0006,CAL-035-U01,GH_Ghana_2021,25,probability,CAL-035-P0025-B01,"One of the eCedi’s 
technical solutions addressing cyber-attack 
prevention is the separation of the issuance and 
distribution modules of the core infrastructure.",,OPS.resilience,decision,neutral,not_applicable,2,text,assigned,1.0,normalized_contains,quote,G035,P04,positive,,False
claude:CAL-035-U01:S019,claude,CAL-R0006,CAL-035-U01,GH_Ghana_2021,25,probability,CAL-035-P0025-B01,"it is obvious that the eCedi 
must be a close resemblance of cash in addition 
to having the capability for online transactions 
among other similar features.",,CASH.relation,decision,neutral,not_applicable,2,text,assigned,1.0,normalized_contains,quote,G035,P08,positive,,False
claude:CAL-036-U01:S001,claude,CAL-R0006,CAL-036-U01,CN_China_BIS_2022,101,probability,CAL-036-P0101-B01,"Bank Indonesia plans to issue CBDC 
as a response to three key drivers: first, “to emphasise BI’s role as the country’s sole 
authority for currency issuance, including in digital form, to maintain monetary 
sovereignty”",,LEGAL.basis,decision,neutral,not_applicable,3,text,unassigned,0.573864,fuzzy_character,quote,,,,,False
claude:CAL-036-U01:S002,claude,CAL-R0006,CAL-036-U01,CN_China_BIS_2022,101,probability,CAL-036-P0101-B01,"Bank Indonesia  has 
formulated the main goal of CBDC in Indonesia, which is to provide a legal digital 
payment instrument in the Republic of Indonesia to support the performance  of the 
central bank’s duties, as well as supporting financial system stability and integration 
of the digital economy and  financial system",,LEGAL.basis,decision,neutral,not_applicable,3,text,assigned,1.0,normalized_contains,quote,G036,P03,excluded,,False
claude:CAL-036-U01:S003,claude,CAL-R0006,CAL-036-U01,CN_China_BIS_2022,101,probability,CAL-036-P0101-B01,"The constitution , 
central bank act and currency law, mandates Bank Indonesia as the sole institution 
with the role to manage currency as a sovereign public good in Indonesia , 
represented by the rupiah in various forms , to support economic activities.",,LEGAL.basis,decision,neutral,not_applicable,3,text,assigned,1.0,normalized_contains,quote,G036,P04,excluded,,False
claude:CAL-036-U01:S004,claude,CAL-R0006,CAL-036-U01,CN_China_BIS_2022,101,probability,CAL-036-P0101-B01,"sovereign CBDC would provide  the public with a direct claim on the central bank , 
which would ensure trust and improve the functioning of the monetary system.",,SYS.design,proposal,neutral,not_applicable,2,text,unassigned,1.0,normalized_contains,quote,,,,,False
claude:CAL-036-U01:S005,claude,CAL-R0006,CAL-036-U01,CN_China_BIS_2022,101,probability,CAL-036-P0101-B01,"CBDC issuance may entail several threats that may hinder 
monetary and financial system stability, such  as the risks of disintermediation and 
bank runs, which would lead to the obstruction of monetary  and macroprudential 
policy exercised by the central bank.",,STAB.disintermediation,finding,neutral,not_applicable,2,text,assigned,1.0,normalized_contains,quote,G036,P05,excluded,,False
claude:CAL-037-U01:S001,claude,CAL-R0007,CAL-037-U01,CN_China_BIS_2022,33,probability,CAL-037-P0033-B01,"the issuance of a CBDC is not a priority, at least in the short term",,OTHER.keep,decision,neutral,not_applicable,2,text,assigned,1.0,raw_contains,quote,G037,P07,excluded,,False
claude:CAL-038-U01:S001,claude,CAL-R0007,CAL-038-U01,JP_BoJ_Pilot_EN,6,probability,CAL-038-P0006-B01,"The system will be equipped with a series of basic functions that were also built into 
the system for the PoCs, namely, issuance, payout, credit transfer, acceptance, and 
redemption",,SYS.design,decision,neutral,not_applicable,2,text,assigned,1.0,normalized_contains,quote,G038,P02,positive,,False
claude:CAL-038-U01:S002,claude,CAL-R0007,CAL-038-U01,JP_BoJ_Pilot_EN,6,probability,CAL-038-P0006-B01,"the system will be equipped with auto-swing6 and 
auto-charge7 functions, which can be triggered at the time of transfer, and limit check 
functions against, for example, a holding limit",,AML.LIMIT,decision,neutral,not_applicable,2,text,unassigned,0.66,fuzzy_character,quote,,,,,False
claude:CAL-038-U01:S003,claude,CAL-R0007,CAL-038-U01,JP_BoJ_Pilot_EN,6,probability,CAL-038-P0006-B01,"In the pilot program, we aim t o cover a 
wider range of technical considerations and solutions than the PoCs, by expanding the 
scope of the system to include not only the central system but also  the intermediary 
systems and endpoint devices.",,SYS.design,proposal,neutral,not_applicable,1,text,unassigned,1.0,fuzzy_character,quote,,,,,False
claude:CAL-038-U01:S004,claude,CAL-R0007,CAL-038-U01,JP_BoJ_Pilot_EN,6,probability,CAL-038-P0006-B01,"additional functions , such as scheduled transfer including batch transfer, 
debit transfer, and balance/transaction statement inquiry, which were built in to the 
system for PoC Phase 2, are also planned to be incorporated",,SYS.design,proposal,neutral,not_applicable,1,text,assigned,1.0,fuzzy_character,quote,G038,P03,positive,,False
claude:CAL-046-U01:S001,claude,CAL-R0008,CAL-046-U01,UN_ESCAP_4e8e7145_2023,19,probability,CAL-046-P0019-B01,products were tested in the Sandbox environment before the launch.,,PROC.pilot_learning,finding,neutral,not_applicable,1,text,assigned,1.0,raw_contains,quote,G046,P01,positive,KYC.INTERMED,False
claude:CAL-046-U01:S002,claude,CAL-R0008,CAL-046-U01,UN_ESCAP_4e8e7145_2023,19,probability,CAL-046-P0019-B01,"The system provides a 
central mobile App, so bank-issued wallets may not be vital.",,SYS.design,decision,neutral,not_applicable,2,text,unassigned,1.0,normalized_contains,quote,,,,,False
claude:CAL-046-U01:S003,claude,CAL-R0008,CAL-046-U01,UN_ESCAP_4e8e7145_2023,19,probability,CAL-046-P0019-B01,"A financial ID  (a bank verification number)  was organized before the launch , 
with the collaboration of the banks.",,KYC.IDV,decision,neutral,not_applicable,2,text,unassigned,1.0,normalized_contains,quote,,,,,False
claude:CAL-047-U01:S001,claude,CAL-R0008,CAL-047-U01,RU_Russia_consultation_paper_201013,18,probability,CAL-047-P0018-B01,"One of 
the advantages of the introduction of a digital ruble is the possibility of conducting analysis based 
on large amounts of data on economic entities and their payments.",,AML.MON,proposal,decreases,from_state,2,text,assigned,1.0,normalized_contains,quote,G047,P02,positive,,False
claude:CAL-047-U01:S002,claude,CAL-R0008,CAL-047-U01,RU_Russia_consultation_paper_201013,18,probability,CAL-047-P0018-B01,"At this point, it is more realistic to implement a model where financial institutions responsible 
for the execution of the national AML/CFT/CFPWMD legislation are endowed with relevant powers 
and their current functionality related to AML/CFT/CFPWMD is extended, inter alia, to digital ruble 
operations.",,KYC.INTERMED,proposal,neutral,not_applicable,2,text,assigned,1.0,normalized_contains,quote,G047,P04,positive,,False
claude:CAL-047-U01:S003,claude,CAL-R0008,CAL-047-U01,RU_Russia_consultation_paper_201013,18,probability,CAL-047-P0018-B01,"The use of a digital ruble implies the ability to use payment applications on mobile devices, use 
of ATMs and other automatic payment devices, and the ability to use digital ruble media offline.",,ACCESS.universal,decision,neutral,not_applicable,2,text,assigned,1.0,normalized_contains,quote,G047,P05,positive,,False
claude:CAL-047-U01:S004,claude,CAL-R0008,CAL-047-U01,RU_Russia_consultation_paper_201013,18,probability,CAL-047-P0018-B01,"it is necessary to take into account the needs of people with disabilities. 
In particular, it is important to provide for different channels of information exchange and ways to 
control account balances and to conduct transactions for people with sensory impairments (sight, 
hearing), to ensure that visually impaired and blind people use familiar adaptive access programmes, 
and to develop simplified interfaces and modes for people with mental disabilities.",,ACCESS.universal,proposal,neutral,not_applicable,2,text,assigned,0.826923,fuzzy_character,quote,G047,P07,positive,ADOPT.experience,False
claude:CAL-047-U01:S005,claude,CAL-R0008,CAL-047-U01,RU_Russia_consultation_paper_201013,18,probability,CAL-047-P0018-B01,"establishing a procedure (specifics) for returning money to consumers when they cancel 
transactions or return goods previously paid for using digital rubles;",,PROG.generic,proposal,neutral,not_applicable,2,text,assigned,1.0,normalized_equal,quote,G047,P09,positive,PROG.generic,True
claude:CAL-047-U01:S006,claude,CAL-R0008,CAL-047-U01,RU_Russia_consultation_paper_201013,18,probability,CAL-047-P0018-B01,"Mobile applications supporting digital ruble transactions should provide users with simple and 
clear information on the balance and operations in digital rubles. At the user’s request, detailed 
information on transactions must be provided, for example, in the form of an account statement 
sent by email or other communication channel.",,ADOPT.experience,proposal,neutral,not_applicable,2,text,assigned,1.0,normalized_contains,quote,G047,P06,positive,ADOPT.experience,True
claude:CAL-050-U01:S001,claude,CAL-R0009,CAL-050-U01,CN_China_BIS_2022,36,probability,CAL-050-P0036-B01,"In Brazil the main objective of the introduction of a CBDC is to provide 
entrepreneurs with a safe and reliable environment to innovate through the use 
of programmability technologies, such as programable money and smart 
contracts.",,PROG.generic,proposal,neutral,not_applicable,3,text,assigned,1.0,normalized_contains,quote,G050,P03,excluded,,False
claude:CAL-050-U01:S002,claude,CAL-R0009,CAL-050-U01,CN_China_BIS_2022,36,probability,CAL-050-P0036-B01,"Therefore, the innovation tool for 
which the BCB envisions the greatest potential is the development of a platform for 
smart payments.",,SYS.design,proposal,neutral,not_applicable,2,text,assigned,1.0,raw_contains,quote_en,G050,P06,excluded,,False
claude:CAL-051-U01:S001,claude,CAL-R0009,CAL-051-U01,CN_China_2021,8,probability,CAL-051-P0008-B01,"c
onne
c
t
di
g
i
t
a
l
w
a
l
l
e
t
s
of
di
f
f
e
r
e
nt
ope
r
a
t
or
s
a
s
w
e
l
l
a
s
c
onne
c
t
e
-
C
N
Y
w
a
l
l
e
t
w
i
t
h
ba
nk
a
c
c
ount
s
,
t
hus
i
m
pr
ovi
ng
t
he
i
nt
e
r
ope
r
a
bi
l
i
t
y
of
pa
y
m
e
nt
i
ns
t
r
um
e
nt
s
.","connect digital wallets of different operators as well as connect e-CNY wallet with bank accounts, thus improving the interoperability of payment instruments.",INTEROP.domestic,decision,neutral,not_applicable,2,text,assigned,1.0,fuzzy_character,quote,G051,P01,positive,,False
claude:CAL-051-U01:S002,claude,CAL-R0009,CAL-051-U01,CN_China_2021,8,probability,CAL-051-P0008-B01,"E
-
C
N
Y
i
s
a
n
a
c
c
ount
-
ba
s
e
d,
qua
s
i
-
a
c
c
ount
-
ba
s
e
d
a
nd
va
l
ue
-
ba
s
e
d
hy
b
r
i
d
pa
y
m
e
nt
i
ns
t
r
um
e
nt
.
I
t
ha
s
a
va
r
i
a
bl
e
f
a
c
e
va
l
ue
a
nd
i
t
s
va
l
ue
t
r
a
ns
f
e
r
t
a
ke
s
t
he
f
or
m
of
c
r
y
p
t
oc
ur
r
e
nc
y
s
t
r
i
ng
s
.","E-CNY is an account-based, quasi-account-based and value-based hybrid payment instrument. It has a variable face value and its value transfer takes the form of cryptocurrency strings.",TECH.TOKEN.decided_yes,decision,neutral,not_applicable,3,text,assigned,1.0,fuzzy_character,quote,G051,P02,positive,,False
claude:CAL-051-U01:S003,claude,CAL-R0009,CAL-051-U01,CN_China_2021,8,probability,CAL-051-P0008-B01,"T
he
e
-
C
N
Y
i
s
a
s
ubs
t
i
t
ut
e
f
or
M
0.
T
hus
,
i
t
i
s
t
r
e
a
t
e
d
t
he
s
a
m
e
a
s
t
he
phy
s
i
c
a
l
R
M
B
unde
r
M
0,
w
hi
c
h
c
a
r
r
i
e
s
a
nd
pa
y
s
no
i
nt
e
r
e
s
t
.","The e-CNY is a substitute for M0. Thus, it is treated the same as the physical RMB under M0, which carries and pays no interest.",PROG.remuneration_no,decision,neutral,not_applicable,3,text,unassigned,0.444444,fuzzy_character,quote,,,,,False
claude:CAL-051-U01:S004,claude,CAL-R0009,CAL-051-U01,CN_China_2021,8,probability,CAL-051-P0008-B01,"C
ons
i
s
t
e
nt
w
i
t
h
t
he
m
a
na
ge
m
e
nt
of
phy
s
i
c
a
l
R
M
B
,
t
he
P
B
O
C
doe
s
not
c
ha
r
g
e
a
ut
hor
i
z
e
d
ope
r
a
t
or
s
f
or
e
x
c
ha
nge
a
nd
c
i
r
c
ul
a
t
i
on
s
e
r
vi
c
e
s
,
a
nd
t
he
ope
r
a
t
or
s
do
not
c
ha
r
g
e
i
ndi
vi
dua
l
c
l
i
e
nt
s
f
or
t
he
e
xc
ha
nge
of
e
-
C
N
Y
e
i
t
he
r
.","Consistent with the management of physical RMB, the PBOC does not charge authorized operators for exchange and circulation services, and the operators do not charge individual clients for the exchange of e-CNY either.",ADOPT.experience,decision,neutral,not_applicable,2,text,assigned,1.0,fuzzy_character,quote,G051,P03,positive,,False
claude:CAL-051-U01:S005,claude,CAL-R0009,CAL-051-U01,CN_China_2021,8,probability,CAL-051-P0008-B01,"A
c
c
or
di
ng
t
o
s
e
t
t
l
e
m
e
nt
f
i
na
l
i
t
y
,
t
he
e
-
C
N
Y
i
s
l
oos
e
l
y
c
oupl
e
d
w
i
t
h
ba
nk
a
c
c
ount
s
,
a
nd
t
hus
pa
y
m
e
nt
s
t
hr
ough
e
-
C
N
Y
w
a
l
l
e
t
s
a
r
e
s
e
t
t
l
e
d
upon
pa
y
m
e
nt
.","According to settlement finality, the e-CNY is loosely coupled with bank accounts, and thus payments through e-CNY wallets are settled upon payment.",SYS.design,decision,neutral,not_applicable,2,text,assigned,1.0,fuzzy_character,quote,G051,P04,positive,,False
claude:CAL-051-U01:S006,claude,CAL-R0009,CAL-051-U01,CN_China_2021,8,probability,CAL-051-P0008-B01,"E
-
C
N
Y
f
ol
l
ow
s
t
he
pr
i
nc
i
pl
e
of
“
a
nony
m
i
t
y
f
or
s
m
a
l
l
va
l
ue
a
nd
t
r
a
c
e
a
bl
e
f
or
hi
g
h
va
l
ue
,
”
a
nd
a
t
t
a
c
he
s
g
r
e
a
t
i
m
por
t
a
nc
e
t
o
pr
ot
e
c
t
i
ng
pe
r
s
ona
l
i
nf
or
m
a
t
i
o
n
a
nd
pr
i
va
c
y
.","E-CNY follows the principle of ""anonymity for small value and traceable for high value,"" and attaches great importance to protecting personal information and privacy.",PRIV.ANON,decision,conditional,from_state,3,text,assigned,1.0,fuzzy_character,quote,G051,P05,positive,,False
claude:CAL-051-U01:S007,claude,CAL-R0009,CAL-051-U01,CN_China_2021,8,probability,CAL-051-P0008-B01,"M
e
a
nw
hi
l
e
,
i
t
i
s
ne
c
e
s
s
a
r
y
t
o
g
ua
r
d
a
ga
i
ns
t
t
he
m
i
s
us
e
of
e
-
C
N
Y
i
n
i
l
l
e
g
a
l
a
nd
c
r
i
m
i
na
l
a
c
t
i
vi
t
i
e
s
,
s
uc
h
a
s
t
e
l
e
-
f
r
a
ud,
I
nt
e
r
ne
t
g
a
m
bl
i
ng
,
m
one
y
l
a
unde
r
i
ng,
a
nd
t
a
x
e
va
s
i
on
by
m
a
ki
ng
s
ur
e
t
ha
t
t
r
a
ns
a
c
t
i
ons
c
om
pl
y
w
i
t
h
A
M
L
/
C
F
T
r
e
qui
r
e
m
e
nt
s
.","Meanwhile, it is necessary to guard against the misuse of e-CNY in illegal and criminal activities, such as tele-fraud, Internet gambling, money laundering, and tax evasion by making sure that transactions comply with AML/CFT requirements.",PRIV.BAL,decision,conditional,from_state,2,text,unassigned,1.0,fuzzy_character,quote,,,,,False
claude:CAL-051-U01:S008,claude,CAL-R0009,CAL-051-U01,CN_China_2021,8,probability,CAL-051-P0008-B01,"T
he
e
-
C
N
Y
s
y
s
t
e
m
c
ol
l
e
c
t
s
l
e
s
s
t
r
a
ns
a
c
t
i
on
i
nf
or
m
a
t
i
on
t
ha
n
t
r
a
di
t
i
ona
l
e
l
e
c
t
r
oni
c
pa
y
m
e
nt
a
nd
doe
s
not
pr
ovi
de
i
nf
or
m
a
t
i
on
t
o
t
hi
r
d
pa
r
t
i
e
s
or
ot
he
r
g
ove
r
nm
e
nt
a
ge
nc
i
e
s
unl
e
s
s
s
t
i
pul
a
t
e
d
ot
he
r
w
i
s
e
i
n
l
a
w
s
a
nd
r
e
gul
a
t
i
ons
.",The e-CNY system collects less transaction information than traditional electronic payment and does not provide information to third parties or other government agencies unless stipulated otherwise in laws and regulations.,PRIV.MIN,decision,increases,from_state,3,text,unassigned,1.0,fuzzy_character,quote,,,,,False
claude:CAL-051-U01:S009,claude,CAL-R0009,CAL-051-U01,CN_China_2021,8,probability,CAL-051-P0008-B01,"I
nt
e
r
na
l
l
y
,
t
he
P
B
O
C
s
e
t
s
up
a
f
i
r
e
w
a
l
l
f
or
e
-
C
N
Y
-
r
e
l
a
t
e
d
i
nf
or
m
a
t
i
on,
a
nd
s
t
r
i
c
t
l
y
i
m
pl
e
m
e
nt
s
i
nf
or
m
a
t
i
on
s
e
c
ur
i
t
y
a
nd
pr
i
va
c
y
pr
ot
oc
ol
s
,
s
uc
h
a
s
de
s
i
g
na
t
i
ng
s
pe
c
i
a
l
pe
r
s
onne
l
t
o
m
a
na
ge
i
nf
or
m
a
t
i
on,
s
e
pa
r
a
t
i
ng
e
-
C
N
Y
f
r
om
ot
he
r
bus
i
ne
s
s
e
s
,
a
ppl
y
i
ng
a
t
i
e
r
e
d
a
ut
hor
i
z
a
t
i
on
s
y
s
t
e
m
,
put
t
i
ng
i
n
pl
a
c
e
c
he
c
ks
a
nd
ba
l
a
nc
e
s
,
a
nd
c
onduc
t
i
ng
i
nt
e
r
na
l
a
udi
t
s
.","Internally, the PBOC sets up a firewall for e-CNY-related information, and strictly implements information security and privacy protocols, such as designating special personnel to manage information, separating e-CNY from other businesses, applying a tiered authorization system, putting in place checks and balances, and conducting internal audits.",OPS.resilience,decision,neutral,not_applicable,2,text,assigned,0.986239,fuzzy_character,quote,G051,P06,excluded,,False
claude:CAL-052-U01:S001,claude,CAL-R0009,CAL-052-U01,MO_AMCM_eMOP_WP,20,probability,CAL-052-P0020-B01,"As a legal tender by nature, e-MOP can be accessed via specialised 
software and hardware wallets.",,LEGAL.basis,decision,neutral,not_applicable,2,text,assigned,1.0,normalized_contains,quote,G052,P03,positive,,False
claude:CAL-052-U01:S002,claude,CAL-R0009,CAL-052-U01,MO_AMCM_eMOP_WP,20,probability,CAL-052-P0020-B01,"e-MOP will also be integrated into 
existing payment tools or online consumption platforms, serving 
as a basis for cross-platform payments and settlements as well as",,INTEROP.domestic,decision,neutral,not_applicable,2,text,assigned,1.0,normalized_container,quote,G052,P04,excluded,,False
claude:CAL-054-U01:S001,claude,CAL-R0009,CAL-054-U01,TH_Thailand_rCBDC_Conclusion_Report,33,probability,CAL-054-P0033-B01,"a token -based CBDC, equipped 
with a unique serial number (like token identifier) has 
the potential to significantly aid in addressing fraud -
related use cases. It allows for the direct identification 
of the specific Retail CBDC units that were in the 
possession of criminals, enabling tracking at individual 
token level.",,AML.MON,proposal,neutral,not_applicable,2,text,assigned,1.0,normalized_contains,quote,G054,P02,positive,AML.MON,True
claude:CAL-056-U01:S001,claude,CAL-R0010,CAL-056-U01,HK_HKMA_2022,18,probability,CAL-056-P0018-B01,"The HKMA concurs that managing competing 
design principles, with due regard to 
regulatory and compliance standards, would 
be one of the critical aspects in the design 
architecture of CBDC.",,PRIV.BAL,proposal,conditional,from_state,2,text,assigned,1.0,normalized_contains,quote,G056,P03,positive,,False
claude:CAL-061-U01:S001,claude,CAL-R0011,CAL-061-U01,FR_BdF_2022,10,stress_nonEN,CAL-061-P0010-B01,"The tests 
conducted under real conditions focused 
on delivery versus payment (DvP), payment 
versus payment (PvP) transactions, and 
cross-border payments involving, in most 
cases, tokenised financial assets.",,INTEROP.crossborder,finding,neutral,not_applicable,2,text,assigned,1.0,normalized_contains,quote,G061,P07,excluded,,False
claude:CAL-061-U01:S002,claude,CAL-R0011,CAL-061-U01,FR_BdF_2022,10,stress_nonEN,CAL-061-P0010-B01,"The programme showed how an interbank 
CBDC could help secure the development 
of tokenised financial markets by providing 
stakeholders with the benefits of distributed 
ledger technology, in particular distributed 
ledger-based end-to-end processing of 
tokenised securities settlement and 
payment-versus-payment transactions, 
including cross-border transactions, while 
benefiting from secure central bank money 
settlement for the transactions made in this 
manner.",,TECH.DLT,finding,neutral,not_applicable,3,text,assigned,1.0,normalized_contains,quote,G061,P08,positive,TECH.TOKEN.considered,False
claude:CAL-063-U01:S001,claude,CAL-R0011,CAL-063-U01,RU_Russia_digital_ruble_30062025,13,stress_nonEN,CAL-063-P0013-B01,"В июне 2022 г. в экспериментальной среде на тестовых цифровых рублях с банками из пилотной 
группы были отработаны переводы между физическими лицами (C2C), оплата товаров и услуг 
(C2B) по статической ссылке и возвраты по оплате товаров и услуг (B2C).","In June 2022, in a test environment using test digital rubles with banks from the pilot group, transfers between individuals (C2C), payment for goods and services (C2B) via static link, and refunds for payment for goods and services (B2C) were tested.",PROG.generic,finding,neutral,not_applicable,2,text,unassigned,0.0,none,,,,,,False
claude:CAL-063-U01:S002,claude,CAL-R0011,CAL-063-U01,RU_Russia_digital_ruble_30062025,13,stress_nonEN,CAL-063-P0013-B01,В мае 2023 г. платформа цифрового рубля введена в промышленную эксплуатацию,"In May 2023, the digital ruble platform was put into industrial operation.",SYS.design,decision,neutral,not_applicable,3,text,unassigned,0.0,none,,,,,,False
claude:CAL-063-U01:S003,claude,CAL-R0011,CAL-063-U01,RU_Russia_digital_ruble_30062025,13,stress_nonEN,CAL-063-P0013-B01,"11 июля 
2023 г. Г осударственная Дума приняла федеральные законы, которые позволили запустить пилот 
с использованием реальных цифровых рублей.","On 11 July 2023, the State Duma adopted federal laws that allowed the launch of the pilot using real digital rubles.",LEGAL.basis,decision,neutral,not_applicable,3,text,unassigned,0.0,none,,,,,,False
claude:CAL-063-U01:S004,claude,CAL-R0011,CAL-063-U01,RU_Russia_digital_ruble_30062025,13,stress_nonEN,CAL-063-P0013-B01,"С 15 августа 2023 г. на платформе стартовало пилотирование операций с реальными цифровыми 
рублями на ограниченном круге пользователей и участников. Сначала к нему присоединились 
13 банков, около 600 физических лиц и 30 торгово-сервисных предприятий из 11 городов России","From 15 August 2023, piloting of operations with real digital rubles began on the platform with a limited circle of users and participants. Initially, 13 banks, about 600 individuals, and 30 trade and service enterprises from 11 Russian cities joined.",PROC.pilot_learning,finding,neutral,not_applicable,3,text,unassigned,0.0,none,,,,,,False
claude:CAL-063-U01:S005,claude,CAL-R0011,CAL-063-U01,RU_Russia_digital_ruble_30062025,13,stress_nonEN,CAL-063-P0013-B01,"В 2024 г. параметры пилота были расширены, что позволило постепенно увеличить число 
пользователей до 9 тыс. граждан и 1200 компаний.","In 2024, the pilot parameters were expanded, gradually increasing the number of users to 9 thousand citizens and 1200 companies.",PROC.pilot_learning,finding,neutral,not_applicable,2,text,unassigned,0.0,none,,,,,,False
claude:CAL-067-U01:S001,claude,CAL-R0012,CAL-067-U01,UA_NBU_E-hryvnia_2019,39,stress_nonEN,CAL-067-P0039-B01,"Anonymous, partially 
anonymous or 
identifiable",,PRIV.ANON,proposal,conditional,from_state,2,text,unassigned,0.0,none,,,,,,False
claude:CAL-067-U01:S002,claude,CAL-R0012,CAL-067-U01,UA_NBU_E-hryvnia_2019,39,stress_nonEN,CAL-067-P0039-B01,"Limits on retail 
transactions 
Yes",,AML.LIMIT,proposal,neutral,not_applicable,2,text,unassigned,0.0,none,,,,,,False
claude:CAL-067-U01:S003,claude,CAL-R0012,CAL-067-U01,UA_NBU_E-hryvnia_2019,39,stress_nonEN,CAL-067-P0039-B01,"Technology 
Databases (1) or 
DLT (2)",,TECH.DLT,proposal,neutral,not_applicable,2,text,unassigned,0.0,none,,,,,,False
claude:CAL-067-U01:S004,claude,CAL-R0012,CAL-067-U01,UA_NBU_E-hryvnia_2019,39,stress_nonEN,CAL-067-P0039-B01,"DLT (1) or 
databases (2)",,TECH.DLT,proposal,neutral,not_applicable,2,text,unassigned,0.0,none,,,,,,False
claude:CAL-067-U01:S005,claude,CAL-R0012,CAL-067-U01,UA_NBU_E-hryvnia_2019,39,stress_nonEN,CAL-067-P0039-B01,Issuer NBU,,INST.mandate,proposal,neutral,not_applicable,1,text,unassigned,0.0,none,,,,,,False
claude:CAL-067-U01:S006,claude,CAL-R0012,CAL-067-U01,UA_NBU_E-hryvnia_2019,39,stress_nonEN,CAL-067-P0039-B01,"Bank/nonbanking 
financial institution 
under NBU’s 
supervision",,INST.mandate,proposal,neutral,not_applicable,2,text,unassigned,0.0,none,,,,,,False
claude:CAL-067-U01:S007,claude,CAL-R0012,CAL-067-U01,UA_NBU_E-hryvnia_2019,39,stress_nonEN,CAL-067-P0039-B01,"with households 
/ the banking 
system / the 
NBU",,SYS.design,proposal,neutral,not_applicable,2,text,unassigned,0.0,none,,,,,,False
claude:CAL-076-U01:S001,claude,CAL-R0013,CAL-076-U01,SG_MAS_mas-project-orchid-report,35,stress_long,CAL-076-P0035-B01,"PBMs are designed to be used in a permissioned 
ecosystem and for payments of goods and services 
that are provided by approved merchants. This is to 
mitigate money laundering and terrorist financing 
risk concerns.",,PROG.restriction,decision,neutral,not_applicable,3,text,assigned,1.0,normalized_contains,quote,G076,P12,positive,,False
claude:CAL-076-U01:S002,claude,CAL-R0013,CAL-076-U01,SG_MAS_mas-project-orchid-report,35,stress_long,CAL-076-P0035-B01,"To mitigate risks, the digital SGD issuer, the 
merchant wallet provider and the entity handling 
the last mile settlement would need to be a 
regulated bank or payment institution.",,SYS.design,proposal,neutral,not_applicable,2,text,unassigned,1.0,normalized_contains,quote,,,,,False
claude:CAL-076-U01:S003,claude,CAL-R0013,CAL-076-U01,SG_MAS_mas-project-orchid-report,35,stress_long,CAL-076-P0035-B01,"The digital SGD issuer mints and provisions the 
underlying digital currency backing the PBM 
in accordance to the terms and conditions 
prescribed by the PBM Creator.",,SYS.design,decision,neutral,not_applicable,2,text,assigned,0.942308,fuzzy_character,quote,G076,P13,excluded,,False
claude:CAL-076-U01:S004,claude,CAL-R0013,CAL-076-U01,SG_MAS_mas-project-orchid-report,35,stress_long,CAL-076-P0035-B01,"Given the experimental nature of the initial phase 
of Project Orchid, the trials conducted by industry 
participants involved a restricted group of trial 
participants and merchants, with low value and 
limited number of transactions.",,PROC.pilot_learning,finding,neutral,not_applicable,2,text,assigned,1.0,normalized_contains,quote,G076,P10,positive,,False
claude:CAL-077-U01:S001,claude,CAL-R0013,CAL-077-U01,FR_BdF_2022,11,stress_long,CAL-077-P0011-B01,"the experiments have shown 
that the interoperability of CBDCs with each 
other could contribute to simplifying and 
improving the performance and accessibility 
of such transactions and payments.",,INTEROP.crossborder,finding,neutral,not_applicable,2,text,assigned,1.0,normalized_contains,quote,G077,P01,excluded,,False
claude:CAL-077-U01:S002,claude,CAL-R0013,CAL-077-U01,FR_BdF_2022,11,stress_long,CAL-077-P0011-B01,"As the Banque de France follows a technology-
agnostic approach, its experiments have 
made it possible to test various technologies, 
whether private or public DLTs implemented 
on open or proprietary protocols.",,TECH.DLT,finding,neutral,not_applicable,2,text,assigned,1.0,normalized_contains,quote,G077,P02,positive,,False
claude:CAL-077-U01:S003,claude,CAL-R0013,CAL-077-U01,FR_BdF_2022,11,stress_long,CAL-077-P0011-B01,"The 
experiments have shown that, regardless 
of the underlying technology, an interbank 
CBDC can be an effective means of payment 
for the multiple use cases envisaged.",,SYS.design,finding,neutral,not_applicable,2,text,unassigned,1.0,normalized_contains,quote,,,,,False
claude:CAL-077-U01:S004,claude,CAL-R0013,CAL-077-U01,FR_BdF_2022,11,stress_long,CAL-077-P0011-B01,"They 
also confirmed that central banks can retain 
control of the CBDC over these different 
types of DLTs, in particular by exploiting 
the programmability features of central bank 
money provided by this technology.",,PROG.generic,finding,neutral,not_applicable,2,text,unassigned,0.519553,fuzzy_character,quote,,,,,False
claude:CAL-077-U01:S005,claude,CAL-R0013,CAL-077-U01,FR_BdF_2022,11,stress_long,CAL-077-P0011-B01,"an interbank CBDC would 
maximise the benefits expected by the 
market from the use of DLT for interbank 
transactions by giving market participants a 
secure means of settlement in central bank 
money, thus eliminating any counterparty 
risk, in compliance with the European 
and international rules implemented after 
the 2008 crisis.",,SYS.design,finding,neutral,not_applicable,2,text,assigned,1.0,normalized_contains,quote,G077,P03,positive,TECH.DLT,False
claude:CAL-078-U01:S001,claude,CAL-R0013,CAL-078-U01,UA_NBU_E-hryvnia_2019,31,stress_long,CAL-078-P0031-B01,"the idea of decentralizing the 
transaction validation function in the network, which can be 
implemented most successfully by means of DLT, in fact 
contradicts the principle that only the NBU may issue e -
hryvnia.",,TECH.DLT,finding,neutral,not_applicable,3,text,assigned,1.0,normalized_contains,quote,G078,P01,positive,,False
claude:CAL-078-U01:S002,claude,CAL-R0013,CAL-078-U01,UA_NBU_E-hryvnia_2019,31,stress_long,CAL-078-P0031-B01,"The public accessibility of the Platform’s financial 
transactions for review and verification is not a crucial or, in 
certain cases, even desired feature of a technology used for 
CBDC.",,TECH.DLT,finding,neutral,not_applicable,2,text,unassigned,1.0,normalized_contains,quote,,,,,False
claude:CAL-078-U01:S003,claude,CAL-R0013,CAL-078-U01,UA_NBU_E-hryvnia_2019,31,stress_long,CAL-078-P0031-B01,"Assessment of the basic technological solution used for 
implementation of the Platform allows for a gen eral 
conclusion that it will be fully possible and effective, although 
not mandatory (due to the lack of fundamental advantages), 
to use the distributed ledger technology for the Platform’s 
operation under the centralized model of e -hryvnia issuance 
and circulation.",,TECH.DLT,finding,neutral,not_applicable,3,text,assigned,1.0,fuzzy_character,quote,G078,P02,positive,,False
claude:CAL-078-U01:S004,claude,CAL-R0013,CAL-078-U01,UA_NBU_E-hryvnia_2019,31,stress_long,CAL-078-P0031-B01,"The main technological risk for development and distribution 
of the Platform in its current version is that a private version 
of the Stellar blockchain protocol (which was brought in line 
with the NBU’s requirements) was used for the Platform.",,OPS.resilience,finding,neutral,not_applicable,2,text,assigned,1.0,normalized_contains,quote,G078,P03,positive,,False
claude:CAL-078-U01:S005,claude,CAL-R0013,CAL-078-U01,UA_NBU_E-hryvnia_2019,31,stress_long,CAL-078-P0031-B01,"This risk makes it virtually unacceptable to apply at a national 
scale the solution used in the Pilot Project.",,OPS.resilience,finding,neutral,not_applicable,3,text,assigned,1.0,normalized_contains,quote,G078,P04,positive,TECH.DLT,False
claude:CAL-078-U01:S006,claude,CAL-R0013,CAL-078-U01,UA_NBU_E-hryvnia_2019,31,stress_long,CAL-078-P0031-B01,"Technical 
issues at the preparation phase of the Pilot Project pertained 
to the fact that the software development for modern 
information systems based on open-source projects requires 
direct Internet access to web repositories at bitbucket.org, 
github.com, etc.",,PROC.pilot_learning,finding,neutral,not_applicable,1,text,assigned,1.0,normalized_contains,quote,G078,P05,negative,,False
claude:CAL-078-U01:S007,claude,CAL-R0013,CAL-078-U01,UA_NBU_E-hryvnia_2019,31,stress_long,CAL-078-P0031-B01,"In 
the test environmen t, blocks were closing unstably in the 
event of time desynchronization of over 10 seconds between 
validator servers.",,OPS.resilience,finding,neutral,not_applicable,2,text,assigned,1.0,fuzzy_character,quote,G078,P09,positive,,False
claude:CAL-078-U01:S008,claude,CAL-R0013,CAL-078-U01,UA_NBU_E-hryvnia_2019,31,stress_long,CAL-078-P0031-B01,"After six or 
more weeks of collection of data on the Platform’s operation, 
the recovery rate of the last 20% of data was only three times 
higher than the speed with which new blocks emerged, which 
led to the long recovery (over several days) of validators.",,OPS.resilience,finding,neutral,not_applicable,2,text,assigned,1.0,normalized_contains,quote,G078,P10,positive,TECH.DLT,False
