seg_id,code_v6,v6_evidence,v6_confidence,v6_flag
V9-00001,ADOPT.experience,"Payment infrastructure advancement, capacity building and financial inclusion",0.52,
V9-00005,ACCESS.universal,provide broader financial access to a larger segment of the population,0.82,
V9-00007,SYS.design,"CBDC is the direct liability of the central bank, issued by it and transmitted to the commercial bank",0.88,
V9-00014,OTHER.keep,not all the benefits hold in the Aruban economic context,0.72,
V9-00016,SYS.design,"mobile wallets connect to the central ledger to verify identities, record transactions",0.82,
V9-00025,OPS.resilience,Payment resilience (offline features),0.8,
V9-00029,OPS.resilience,setting security requirements at some level of abstraction,0.72,
V9-00032,INTEROP.domestic,one-to-one conversion between commercial bank deposits and CBDC,0.92,
V9-00033,INTEROP.crossborder,forgo cross-border payments as significant digital florin outflows may lead to considerable foreign exchange outflows,0.93,evidence_not_verbatim
V9-00042,INTEROP.crossborder,"advises, for the time being, against cross-border abilities",0.95,
V9-00056,INTEROP.crossborder,retail CBDC with cross-border capabilities can provide cheaper and faster payments,0.93,
V9-00059,CASH.relation,possible complementary instrument for digital payments in the economy,0.7,
V9-00064,SYS.design,"liability issued by the Central Bank electronically, with the same characteristics as legal tender",0.85,
V9-00070,ACCESS.universal,guarantees access to public digital money without the need for bank accounts,0.9,
V9-00073,INTEROP.domestic,"improving efficiency, speed and security in interbank settlement",0.9,
V9-00076,INTEROP.crossborder,direct cross-border payments with central banks of the region,0.82,
V9-00086,SYS.design,improve the efficiency of the high-value payments system,0.62,
V9-00087,INTEROP.domestic,"integration of banks, savings and credit cooperatives, clearing houses, securities system operators",0.88,
V9-00089,SYS.design,"structural financial and technological policy decision, aimed at strengthening the critical infrastructure of the interbank system",0.72,
V9-00090,SYS.design,"most beneficial alternative for a possible implementation, in the Bolivian case, would be the wholesale CBDC",0.7,
V9-00091,ADOPT.experience,no additional benefits would be expected for transactions currently carried out by the population,0.75,
V9-00092,INTEROP.domestic,"expanding interbank operations capacity, liquidity management and settlement in the high-value payments system",0.85,
V9-00094,SYS.design,equipped with modern tools for the execution and control of its monetary policy,0.68,
V9-00099,OPS.resilience,"ISO/IEC 27001, multi-factor verification (MFA), automated incident management, failure recovery protocols (BCP)",0.97,
V9-00105,INTEROP.domestic,real-time delivery-versus-payment (DvP) settlement schemes,0.82,
V9-00111,INTEROP.crossborder,possible future interoperability with international settlement schemes in foreign currency,0.83,
V9-00116,INTEROP.domestic,strengthen interbank payment infrastructure and consolidate monetary sovereignty,0.74,
V9-00119,INTEROP.crossborder,cross-border transfers and the tokenization of securities,0.78,
V9-00120,SYS.design,"interbank liquidity management, operational stability and shared governance",0.7,
V9-00130,SYS.design,Limited number of participants,0.65,
V9-00131,OTHER.keep,Limited working hours,0.4,
V9-00132,OTHER.keep,Compliant with the 'Digital Brazilian Real' Guidelines,0.5,
V9-00133,OTHER.keep,Long-term perspective,0.4,
V9-00134,SYS.design,"wholesale approach constitutes a strategic opportunity to strengthen the operational, technological and regulatory pillars",0.72,
V9-00149,ACCESS.universal,digital currency design and public education will tackle these issues,0.62,
V9-00156,INTEROP.domestic,connect all consumers regardless of the consumers' choice of service provider,0.82,
V9-00157,CASH.relation,experience and convenience—legally and otherwise—that resembles cash,0.85,
V9-00158,CASH.relation,equivalent in every respect to the paper currency,0.88,
V9-00165,ADOPT.experience,simple payment process will utilize QR codes generated on the payer's digital Sand Dollar Card,0.83,
V9-00166,SYS.design,"batch transactions processing capability, utilizing the Sand Dollar Infrastructure and platforms",0.75,
V9-00168,OPS.resilience,tested and pre-installed portions of the private communications network,0.76,
V9-00171,ADOPT.experience,tackling transactions costs to promote more widespread adoption of electronic payments,0.8,
V9-00186,ACCESS.universal,accessible to all residents of the archipelago on a non-discriminatory basis,0.88,
V9-00200,INTEROP.domestic,BR should consider developing instant payments,0.75,
V9-00211,STAB.disintermediation,"issuance of CBDC could, under certain conditions, have serious impacts on financial stability",0.92,
V9-00213,OPS.resilience,alternative backup payment method and thus increase operational resilience,0.97,
V9-00222,INTEROP.crossborder,"developed reactively, following the digital euro or dollar",0.82,
V9-00228,ACCESS.universal,relevant for countries with a larger number of unbanked residents,0.93,
V9-00232,INTEROP.domestic,exchange of interbank payments (the so-called settlement of payments),0.92,
V9-00234,INTEROP.domestic,direct access to an account in Danmarks Nationalbank,0.88,
V9-00240,OPS.resilience,critical infrastructure such as central payment systems can become more independent,0.88,
V9-00247,SYS.design,core CBDC ledger functions and supports integration via secure API layer,0.85,
V9-00255,STAB.disintermediation,preventing a foreign currency from having an inexpedient effect on monetary and financial stability,0.78,
V9-00266,ACCESS.universal,"liquid, risk-free, accessible to all and adapted to the digital economy",0.85,
V9-00276,INTEROP.crossborder,"cross-border payments involving, in most cases, tokenised financial assets",0.92,
V9-00282,CASH.relation,support the use of cash as long as there is a demand,0.97,
V9-00283,CASH.relation,not a substitute but a complement to the forms of money known today,0.97,
V9-00286,INTEROP.domestic,interoperable with other digital or cash-based payment solutions,0.84,
V9-00287,SYS.design,"need to introduce a general-purpose, widely accessible central bank digital currency",0.78,
V9-00289,OTHER.keep,identifying those market failures or policy considerations of strategic importance,0.75,
V9-00294,SYS.design,"e-money balances were recorded at the MNB, so there was a direct link",0.72,
V9-00297,ADOPT.experience,"we took a mobile-first approach on the customer side, with a view to reducing the complexity",0.85,
V9-00298,INTEROP.domestic,"ensured interoperability with already established ecosystems (e.g. instant payment, standardised QR code payment network)",0.92,
V9-00302,SYS.design,"designed with a modular platform, allowing for the expansion of both the range of partners",0.8,
V9-00307,ACCESS.universal,promote digital financial inclusion of primary school age children,0.93,
V9-00315,INTEROP.domestic,initiate a transfer to any bank account outside the Student Safe,0.85,
V9-00316,ACCESS.universal,"accessible to any user in Hungary, which is capable of fulfilling its functional objective",0.8,
V9-00321,OPS.resilience,e₹ wallet can be recovered using the same phone number / SIM on a new mobile device,0.87,
V9-00323,ADOPT.experience,Users' choice could be increased if card payment could also be made available,0.84,
V9-00327,SYS.design,easily extended thanks to the modular architecture of the backend system,0.82,
V9-00330,CASH.relation,e₹ can be withdrawn from one's bank account and kept separately in the e₹ wallet,0.78,
V9-00331,INTEROP.domestic,"transactions happen between two e₹ wallets, and are settled instantaneously without passing through user's bank accounts",0.88,
V9-00333,INTEROP.domestic,e₹ can be loaded/redeemed/transferred from/to one's bank account to/from the e₹ wallet,0.87,
V9-00336,CASH.relation,e₹ is available in the same denominations as physical currency,0.92,
V9-00337,CASH.relation,feature of providing the requisite change is available in all the e₹ wallets,0.83,
V9-00338,SYS.design,supports payments involving decimal or fractional values,0.82,
V9-00344,OPS.resilience,alternative in the event of a malfunction in other payment intermediation channels,0.88,
V9-00346,OTHER.keep,assess the potential effects and risks before taking a position,0.8,
V9-00349,ACCESS.universal,"retail CBDC aims to enhance accessibility, financial inclusion, and convenience",0.78,
V9-00351,CASH.relation,"digital claim directly against the Central Bank, as well as a claim in the form of conventional cash",0.85,
V9-00354,SYS.design,structure and operational arrangements for domestic payment intermediation are among the factors,0.75,
V9-00355,SYS.design,"payment intermediation market is oligopolistic, the Government may need to intervene",0.7,
V9-00359,OPS.resilience,element in financial system contingency measures in response to a major interruption in the electronic payment service,0.9,
V9-00364,CASH.relation,"rafkróna is an electronically registered deposit or payment authorisation, whereas conventional cash is tangible",0.95,
V9-00365,CASH.relation,rafkróna would not substitute entirely for physical cash but would be a supplement,0.97,
V9-00370,OPS.resilience,increase in deposit insurance could also be feasible as contingency measures,0.72,
V9-00371,CASH.relation,cost of issuing rafkrónur could potentially be lower than the cost of issuing conventional cash,0.85,
V9-00376,SYS.design,"rafkróna account in the Central Bank, either for continuous use or as a safety valve",0.8,
V9-00381,STAB.disintermediation,rafkróna could result in increased volatility in banking system balances,0.92,
V9-00383,STAB.disintermediation,transferring funds electronically from the privately run banking system to the shelter of the Central Bank,0.93,
V9-00388,SYS.design,built on the same foundation as the banks' conventional deposit and internal payment intermediation systems,0.72,
V9-00395,CASH.relation,rafkróna would be a supplement to physical cash,0.97,
V9-00398,OPS.resilience,"system could be in full operation and available to the public year-round, or it could function as a contingency measure",0.78,
V9-00405,SYS.design,narrow them down to two main theoretical categories: eventually online and permanently offline,0.82,
V9-00406,OPS.resilience,physical tampering of devices is the main vulnerability of such a model,0.85,
V9-00409,OTHER.keep,digital euro should be designed in such a way as to limit its ecological footprint,0.88,
V9-00410,ACCESS.universal,ease of use even to people not accustomed to digital technologies,0.95,
V9-00411,ACCESS.universal,include citizens temporarily excluded from central bank money; in the case of natural disasters,0.88,
V9-00416,INTEROP.domestic,interoperable with existing payment solutions and compliant with current regulations,0.8,
V9-00423,SYS.design,desirable to 'reuse' an already existing Eurosystem infrastructure,0.82,
V9-00428,OPS.resilience,"able to cope with the large increases in the volume of transactions, while preserving the average latency",0.85,
V9-00433,SYS.design,Operational model: Online,0.85,
V9-00448,SYS.design,payments are routed peer-to-peer from user to user across a network of intermediaries,0.82,
V9-00461,OPS.resilience,retail user can activate a backup procedure that closes the channel and allows the retrieval of their own off-ledger funds,0.87,
V9-00462,ADOPT.experience,"possibly free of charge for the end users, depending on policy choices",0.88,
V9-00481,SYS.design,interoperability between the platforms allows the Eurosystem to control a single digital currency,0.72,
V9-00482,SYS.design,"Transactions within each D€ solution are possible, and so are solutions relying on both platforms",0.7,
V9-00487,SYS.design,centralized TIPS+-based D€ and the itCoin solution interact with each other through a bridge component,0.82,
V9-00489,SYS.design,retail users and intermediaries can have accounts/wallets in either one or more platforms,0.75,
V9-00490,INTEROP.domestic,issuance process would rely on the mechanism already envisaged to fund any other TARGET Service such as RTGS,0.85,
V9-00494,INTEROP.domestic,D€ can leave the CBDC system by becoming commercial bank money or cash,0.83,
V9-00495,SYS.design,retail wallet is technically implemented with a payment channel,0.8,
V9-00501,SYS.design,"retail wallets would effectively have two balances, a balance for the on-ledger D€ and a balance for the off-ledger D€",0.82,
V9-00504,INTEROP.domestic,back-end solution could be embedded in and interoperate with the current payment landscape,0.84,
V9-00511,CASH.relation,"off-ledger digital euro, being cash-like, should be free of charge for retail users",0.82,
V9-00526,SYS.design,new set of PSD2-like APIs for retrieving information on digital euro account balances,0.78,
V9-00527,SYS.design,role of the Request Handler is to regulate access to (and from) the core ledger,0.82,
V9-00528,ADOPT.experience,physical terminal accepts payment from a mobile wallet,0.75,
V9-00564,OPS.resilience,how to ensure that the whole system is properly secured should be further investigated,0.85,
V9-00568,INTEROP.crossborder,"make it straightforward to explore, and possibly enhance, cross-border and/or cross-currency transactions",0.92,
V9-00588,SYS.design,combination of these two systems through a bridge component,0.72,
V9-00594,SYS.design,select the subset of candidate transactions that maximizes the total cumulative fee,0.78,
V9-00595,SYS.design,criterion is not ultimately geared to maximize income by fees,0.7,
V9-00606,OPS.resilience,increase the attack surface and vulnerability risks of the D€,0.92,
V9-00614,CASH.relation,not be taken as a substitute for physical legal tender,0.95,
V9-00615,ADOPT.experience,"brand-new alternative for local residents, public and private entities, tourists",0.72,
V9-00616,ADOPT.experience,increase the use of risk-free currency issued by the Macao SAR Government for day-to-day payments,0.7,
V9-00617,INTEROP.crossborder,explore the application of e-MOP in inter-company and cross-border payments,0.93,
V9-00618,CASH.relation,further scale down the market demand for MOP banknotes and coins,0.92,
V9-00619,INTEROP.domestic,digital legal tender with an immediate settlement feature,0.8,
V9-00620,INTEROP.crossborder,interconnection of e-MOP with digital renminbi (e-CNY) and digital HKD,0.97,
V9-00621,INTEROP.crossborder,establish linkages with CBDCs of Portuguese-speaking countries,0.98,
V9-00625,ADOPT.experience,leveraging wallet application software (apps) and physical carriers,0.85,
V9-00629,ACCESS.universal,adoption of e-MOP is expected to enhance financial inclusion,0.82,
V9-00630,OTHER.keep,boost regional competitiveness in trade and finance,0.65,
V9-00631,CASH.relation,"As a legal tender by nature, e-MOP can be accessed",0.72,
V9-00632,INTEROP.domestic,integrated into existing payment tools or online consumption platforms,0.82,
V9-00637,OPS.resilience,flexibility and security for financial market infrastructure,0.65,
V9-00639,INTEROP.domestic,e-MOP offer settlement finality. All transactions in e-MOP are settled instantly,0.8,
V9-00645,INTEROP.domestic,Interoperability of e-MOP with electronic payment systems,0.88,
V9-00646,INTEROP.crossborder,faster and more cost-effective cross-border payments,0.95,
V9-00652,SYS.design,utilises a cloud computing architecture to combine the stability and security,0.75,
V9-00653,OPS.resilience,scalability features to support deployment with multi-site high availability,0.82,
V9-00655,OPS.resilience,"enhance capabilities across infrastructure, application design, data security and operational maintenance",0.78,
V9-00656,INTEROP.crossborder,cross-border payments and settlements,0.75,
V9-00658,OPS.resilience,protection against double-spending and illicit reproduction and counterfeiting,0.87,
V9-00659,SYS.design,"covers currency issuance and circulation, as well as retail and wholesale payments",0.76,
V9-00660,OPS.resilience,design of the e-MOP system adheres to the highest standards of disaster resilience and network security,0.9,
V9-00661,OPS.resilience,"guidelines of graded protection of cybersecurity, a network segmentation approach",0.92,
V9-00666,ADOPT.experience,bringing in more payment options with user-friendly features,0.83,
V9-00670,SYS.design,matrix of e-MOP wallets will be developed across various dimensions,0.72,
V9-00674,ADOPT.experience,lowering costs for merchants within Macao SAR's payment ecosystem,0.82,
V9-00676,INTEROP.crossborder,establish connections with external nodes to facilitate cross-border payments,0.95,
V9-00677,SYS.design,"centralised management, unified recognition and anti-counterfeiting features",0.78,
V9-00688,INTEROP.crossborder,seamless integration of e-MOP with e-CNY and digital HKD,0.97,
V9-00691,INTEROP.domestic,interoperability of e-MOP with other payment systems,0.8,
V9-00692,SYS.design,hardware wallets make use of security chips and relevant technologies,0.82,
V9-00693,ACCESS.universal,meet the needs of different user groups,0.75,
V9-00694,INTEROP.crossborder,integration of e-MOP with CBDC project platforms in other countries,0.96,
V9-00695,STAB.disintermediation,safeguard economic and financial stability for the sustainable development,0.7,
V9-00703,INTEROP.crossborder,developing a common view and approach on CBDCs that will serve all the CMA countries,0.88,evidence_not_verbatim
V9-00713,SYS.design,evaluating three possible options to address these challenges,0.65,
V9-00714,CASH.relation,CBDC as a complement to the existing digital means of payment,0.78,
V9-00715,OTHER.keep,Options 2 and 3 form complementary policy strategies,0.62,
V9-00716,ACCESS.universal,reduce some of the barriers to financial inclusion,0.85,
V9-00719,SYS.design,"support payment efficiency, reduce cash management costs, foster competition",0.45,
V9-00725,ACCESS.universal,reduce some of the barriers to financial inclusion,0.72,
V9-00727,INTEROP.domestic,"Interoperability with bank accounts, e-money accounts, and other payment options",0.95,
V9-00729,CASH.relation,not imply stopping the issuance of physical money. The public would have at its disposal the two forms,0.97,evidence_not_verbatim
V9-00735,ADOPT.experience,"instant and final payments, at low or no cost, and enabling small-ticket transactions",0.82,
V9-00736,ACCESS.universal,"Universally accessible, easy to use, and able to operate on- and offline",0.9,
V9-00737,ADOPT.experience,Multiple use cases for allowing person-to-person (P2P) and person-to-business (P2B) transfers,0.8,
V9-00738,CASH.relation,CBDC adoption imply stopping the issuance of physical money by the BCRP,0.97,
V9-00745,INTEROP.domestic,"transfers could be made from CBDC wallets to bank and e-money accounts, and vice versa, under an interoperable framework",0.97,
V9-00756,ACCESS.universal,CBDC design should encourage Peru's unbanked population to adopt digital payments,0.88,
V9-00759,ACCESS.universal,the unbanked would significantly reduce the costs and risks mentioned above,0.85,
V9-00760,ACCESS.universal,"target population is made up of unbanked citizens, mainly street vendors",0.9,
V9-00761,ACCESS.universal,"Internet connectivity is poor or non-existent, but they have basic mobile phone access",0.88,
V9-00763,CASH.relation,maintaining the properties of Peruvian currency as a means of payment in the digital world,0.82,
V9-00764,ACCESS.universal,tool to foster financial inclusion and enhance the use of digital payments among unbanked people,0.93,
V9-00766,CASH.relation,replacement of banknotes and coins in the cash-based payment flows,0.82,
V9-00781,CASH.relation,Easily convertible to cash,0.92,
V9-00783,INTEROP.domestic,transfers from CBDC wallets to bank accounts and from CBDC wallets to e-money accounts,0.91,
V9-00785,ACCESS.universal,"Wide availability, both on smartphones and regular phones",0.8,
V9-00789,INTEROP.domestic,Connection to government payment platforms like Pagalo.pe,0.83,
V9-00790,INTEROP.domestic,Direct wire transfer and auto redemption process,0.78,
V9-00795,ADOPT.experience,convenient and cost-effective way of payment,0.8,
V9-00798,SYS.design,"sponsored and managed by the Palau Ministry of Finance, not a commercial vendor",0.78,
V9-00800,ADOPT.experience,make payments easier and more affordable for the Republic of Palau,0.78,
V9-00801,ACCESS.universal,financial services more widely available through digital access to under-served communities,0.93,
V9-00802,ADOPT.experience,"reduce service charges for transaction costs like cash transfer, credit card payment fees",0.82,
V9-00803,ADOPT.experience,increase the efficiency of financial services across the Republic of Palau,0.72,
V9-00804,OTHER.keep,reduce energy consumption it takes to transport currency,0.85,
V9-00805,CASH.relation,Cash (the US Dollar) will still be used in the Republic of Palau,0.93,
V9-00809,SYS.design,"one PSC is backed by a dollar in cash, treasury securities or other safe assets, and thus redeemable on demand",0.84,
V9-00816,CASH.relation,use as a means of payment,0.55,
V9-00817,CASH.relation,continue to provide cash as long as there is public demand,0.82,evidence_not_verbatim
V9-00832,OPS.resilience,"more robust in the event of disruptions to, for instance, the system for card payments",0.85,
V9-00833,ADOPT.experience,"primarily intended for smaller payments between consumers, companies and authorities",0.78,
V9-00836,CASH.relation,government-guaranteed means of payment without credit risk,0.8,
V9-00837,ADOPT.experience,complement to the payment forms that are currently offered in the private sector,0.72,
V9-00838,OPS.resilience,alternative means of payment in a crisis situation,0.78,
V9-00841,SYS.design,constitutes a claim on the central bank (the Riksbank),0.82,
V9-00842,ADOPT.experience,"electronically available 24 hours a day, 7 days a week, 365 days a year",0.75,
V9-00843,ACCESS.universal,"available to the general public, i.e. is more broadly available than traditional central bank deposits",0.85,
V9-00844,CASH.relation,"Like cash, an e-krona is a direct claim on the Riksbank",0.9,
V9-00845,SYS.design,"depend on how it is designed, which characteristics it has and how it is provided",0.75,
V9-00847,SYS.design,register-based solution is deemed to be more complex,0.82,
V9-00851,SYS.design,determine the supply of e-krona in the same way as they currently determine the supply of banknotes,0.78,
V9-00852,OPS.resilience,"function independently of the commercial, bank-owned infrastructure",0.85,
V9-00853,CASH.relation,seen as a complement to cash,0.97,
V9-00855,INTEROP.domestic,platform for the settlement of large-value payments between financial institutions,0.95,
V9-00859,CASH.relation,modernisation of the Riksbank's means of payment when large group in society no longer wish to use banknotes and coins,0.92,
V9-00862,SYS.design,e-krona is a claim on the Riksbank and guaranteed by the government,0.82,
V9-00869,INTEROP.crossborder,Interoperability with technical infrastructure and other digital solutions abroad,0.96,
V9-00888,SYS.design,issues banknotes and coins in the volume demanded by the general public and the same should apply to an e-krona,0.8,
V9-00892,ADOPT.experience,e-krona is not unduly favoured in the competition with private payment services,0.78,
V9-00894,ADOPT.experience,e-krona shall bear its own costs and not be unduly favoured,0.78,
V9-00906,ADOPT.experience,ensure that it can be used for payment of tax,0.8,
V9-00913,SYS.design,"new electronic means of payment issued by the Riksbank, an e-krona, would counteract the problems",0.72,
V9-00914,OPS.resilience,"function independently of the commercial, bank-owned infrastructure",0.88,
V9-00915,ACCESS.universal,ensure that the general public has access to central bank money,0.85,
V9-00917,SYS.design,"direct claim on the Riksbank, is specified in Swedish kronor and can be held by financial institutions, companies and members of the general public",0.88,
V9-00920,SYS.design,supply of e-kronas shall be determined by demand for them,0.83,
V9-00921,INTEROP.domestic,Large payments will continue to be made through the RIX system,0.9,
V9-00923,SYS.design,"responsible at the very least for the issue, redemption and settlement",0.82,
V9-00936,ADOPT.experience,innovative uses emerge or there are signs that digital currencies,0.72,
V9-00941,SYS.design,"interact with the PBM wrapper for P2P transfer, payments etc",0.75,
V9-00944,INTEROP.domestic,common and open back-end platform that is fully interoperable with other existing payment systems,0.92,
V9-00948,SYS.design,PBMs attach conditions to existing payment instruments,0.8,
V9-00965,SYS.design,mints the digital SGD for the charity association's trustee account,0.83,
V9-00977,INTEROP.domestic,"Interoperability with e-wallets and payment networks, will enable PBM to be distributed widely",0.88,
V9-00985,SYS.design,common lifecycle stages across different programming languages and network protocols,0.81,
V9-00992,INTEROP.domestic,"interoperable across different platforms, wallets, payment systems and rails",0.87,
V9-00993,SYS.design,development of an open-sourced technical framework for PBM,0.78,
V9-00994,SYS.design,standard data-exchange and API specification could be defined between wallet providers and PBM creators,0.82,
V9-01010,ADOPT.experience,merchants receive their payout immediately when a voucher is used,0.8,
V9-01015,INTEROP.domestic,common settlement infrastructure such as MEPS+ that allows for new capabilities such as atomic settlement,0.91,
V9-01016,INTEROP.domestic,"wider range of financial institutions, including stablecoin issuers, can gain access to central bank liabilities for settlement",0.88,
V9-01017,INTEROP.domestic,holders of digital SGD would not need to go-off chain to access central bank money,0.83,
V9-01020,ADOPT.experience,"overall transaction cost should be low, or minimally lower",0.72,
V9-01024,OPS.resilience,credentials management module by an accountable party to preserve the private keys,0.75,
V9-01026,SYS.design,create an ephemeral Crypto Wallet for the holder and map this wallet,0.82,
V9-01038,ADOPT.experience,design for possible integrations with SGQR in the future,0.78,
V9-01039,ADOPT.experience,keep the user experience simple for merchants,0.88,
V9-01042,ACCESS.universal,target users were assumed to be digitally savvy and paper vouchers would not need to be catered for,0.7,
V9-01044,SYS.design,design choice of ERC-1155 is intentional to maximize flexibility to accommodate different types of PBM structures,0.87,
V9-01046,INTEROP.domestic,PBM is interoperable with both custodial and non-custodial wallets that support ERC-1155,0.78,
V9-01063,INTEROP.domestic,integrate with a regulated digital currency settlement rail,0.82,
V9-01067,INTEROP.crossborder,"currency that is ""fully and freely convertible""",0.75,
V9-01068,SYS.design,development and implementation of e-MOP will focus on retail payment scenarios,0.72,
V9-01070,SYS.design,UOB will be responsible for implementing Digital SGD Smart Contract,0.83,
V9-01080,SYS.design,serve as a retail or general purpose CBDC for domestic payment transactions,0.78,
V9-01081,ACCESS.universal,secure access to central bank-issued money available by the public,0.82,
V9-01086,INTEROP.crossborder,designed such that it is able to support cross-border functionality,0.95,
V9-01087,ADOPT.experience,usage of Digital Lilangeni needs to be as easy and intuitive as possible,0.88,
V9-01089,ACCESS.universal,"accessible to everyone, anywhere and anytime regardless of economic and social status",0.95,
V9-01093,CASH.relation,Digital Lilangeni would be a strong contender of cash,0.82,
V9-01094,ADOPT.experience,"payments can be made from one person to another (P2P), as well as between individuals and merchants",0.85,
V9-01095,ADOPT.experience,payments can be sent as well as requested/received. Using QR codes,0.83,
V9-01098,SYS.design,only entity to mint and to redeem CBDC,0.9,
V9-01102,CASH.relation,complementary to notes and coins,0.88,
V9-01103,CASH.relation,"As legal tender, the potential Digital Lilangeni acts as an enabling platform",0.8,
V9-01108,INTEROP.domestic,bank account can be linked to the Digital Lilangeni wallet,0.9,
V9-01109,CASH.relation,"convertibility to physical cash at any time, allowing them to switch from digital to physical",0.95,
V9-01111,SYS.design,smart card needs to go online to reconcile the transaction history,0.82,
V9-01112,ACCESS.universal,"broaden the accessibility of CBDC to a larger population, ensuring that individuals, irrespective of their technological knowledge",0.93,
V9-01113,SYS.design,adaptable to this form factor to perform Digital Lilangeni payments,0.72,
V9-01114,ADOPT.experience,keep the barriers to entry for merchants as low as possible,0.87,
V9-01115,INTEROP.domestic,Conversion to the CBDC infrastructure should at best be possible on the basis of the existing terminals,0.84,
V9-01117,OTHER.keep,unique use case for the region for any potential CBDC engagements,0.45,
V9-01118,ADOPT.experience,"use their existing payment infrastructure (i.e., feature phone)",0.72,
V9-01119,INTEROP.domestic,payment system between the citizens of Eswatini and the government,0.65,
V9-01120,INTEROP.domestic,"tax payments, can be processed digitally with CBDC in real time",0.68,
V9-01122,INTEROP.crossborder,designed in line with international standards to enable cross-border interoperability,0.95,
V9-01124,CASH.relation,naturally coexist with other payment mechanisms to make the system more robust,0.62,
V9-01125,ACCESS.universal,always available to all citizens of Eswatini and in all areas,0.92,
V9-01128,ACCESS.universal,integration of Digital Lilangeni into the USSD system can also serve as a significant driver for financial inclusion,0.88,
V9-01131,CASH.relation,"full legal tender status, meaning that it should be accepted as a medium of payment",0.88,
V9-01133,INTEROP.domestic,"interoperability amongst existing payment methods especially, in the absence of a domestic payments switch",0.87,
V9-01137,INTEROP.crossborder,"cross-border CBDC could support international trade, make remittance payments more effective",0.96,
V9-01138,OPS.resilience,Digital Lilangeni should be available on a 24/7/365 basis with no scheduled downtime,0.95,
V9-01140,INTEROP.crossborder,"convertibility to ZAR, in its currently existing form or any potential digital form",0.78,
V9-01141,INTEROP.crossborder,making the potential Digital Lilangeni interoperable with the CBDCs of other jurisdictions,0.97,
V9-01142,INTEROP.crossborder,participate in intraregional and international cross-border CBDC projects,0.97,
V9-01150,SYS.design,provides the core infrastructure and manages the core system,0.87,
V9-01151,SYS.design,mints the Digital Lilangeni and is also the only entity that can destroy it,0.88,evidence_not_verbatim
V9-01157,ADOPT.experience,offer and manage CBDC-wallets in different user interfaces,0.82,
V9-01160,ADOPT.experience,"making digital payments between one another (P2P), paying at the merchant checkout",0.85,
V9-01161,OPS.resilience,separated into a highly secure air-gapped offline environment,0.87,
V9-01162,OPS.resilience,Authenticated and encrypted communication channels between FSPs and merchants,0.88,
V9-01163,OPS.resilience,security of smart cards as well as POS terminals is ensured by five layers,0.85,
V9-01165,SYS.design,two-tier hybrid model in which the CBE is the sole issuer,0.91,
V9-01166,CASH.relation,"like banknotes and coins today, a direct claim on the CBE",0.9,
V9-01169,INTEROP.domestic,CBDC integration into a USSD based system,0.78,
V9-01178,OTHER.keep,capacity to create opportunities out of new technological potentials,0.72,
V9-01184,SYS.design,Design and development of a digital wallet application for digital Turkish lira,0.8,
V9-01186,INTEROP.crossborder,cross-border level still needs some further investigation,0.83,
V9-01191,INTEROP.domestic,continuous convertibility between digital and other forms of the Turkish lira,0.87,
V9-01195,STAB.disintermediation,should not aim to compete with existing financial products and services,0.78,
V9-01207,SYS.design,hardware wallets may also be introduced,0.82,
V9-01213,SYS.design,Abstraction Layer in the Digital Turkish Lira Project is to increase the modularity,0.88,
V9-01228,CASH.relation,not compete with existing payment alternatives and products but can be positioned as an alternative service,0.78,
V9-01237,CASH.relation,a digital version of the banknote,0.87,
V9-01238,SYS.design,Account numbers of personal and corporate users are derived from the DID values,0.83,
V9-01247,INTEROP.domestic,facilitate integration with advanced technology environments such as the Internet of Things,0.62,
V9-01248,ADOPT.experience,"user can transfer funds, make payments, request funds, query transaction history",0.85,
V9-01249,SYS.design,ownership of the money can be proved through the wallet application,0.78,
V9-01252,ADOPT.experience,money can be sent to the DID value of the counterparty or to the alias,0.75,
V9-01260,SYS.design,working on its own national standards in case digital currency systems become more common,0.7,
V9-01265,CASH.relation,reduce the overall costs of banknote issuance and operations of currency in circulation,0.85,
V9-01266,INTEROP.domestic,ensuring interoperability between components,0.76,
V9-01267,SYS.design,"modular structure of the system, each component is easily replaceable",0.88,
V9-01271,SYS.design,architecture and design of the digital Turkish lira is yet to be finalized,0.85,
V9-01272,OTHER.keep,a decision will be made on its circulation,0.72,
V9-01278,OPS.resilience,hardware wallets or smart cards that support some form of wireless communication,0.62,
V9-01279,OPS.resilience,resistant to double-spending or forging attacks,0.88,
V9-01285,OPS.resilience,design of the cryptographic architecture is the most fundamental and important pillar,0.75,
V9-01292,INTEROP.domestic,Deposits can be converted into digital Turkish lira and digital Turkish lira can be converted into deposits,0.95,
V9-01293,INTEROP.domestic,"integrated with mobile applications, ATMs, and systems that maintain deposits",0.92,
V9-01302,SYS.design,modularity approach aims to avoid dependence on any single technology,0.82,
V9-01313,CASH.relation,digital Turkish lira will be complementary to the existing currency form,0.95,
V9-01314,ADOPT.experience,serve as the basis for innovations that will be the source of productivity increases,0.72,
V9-01320,SYS.design,"direct distribution retail CBDC, as this is considered to potentially be the most disruptive",0.8,
V9-01328,INTEROP.domestic,enhancing interbank settlement efficiency,0.85,
V9-01334,SYS.design,selecting of effective CBDC model adequately suitable to strategic goals,0.78,
V9-01336,SYS.design,studying the possibility of issuing its own CBDC,0.7,
V9-01337,CASH.relation,model of CBDC as the equivalent of cash,0.93,
V9-01342,SYS.design,centralized model of the e-hryvnia issuance was chosen as a simpler and more comprehensible,0.9,
V9-01343,ACCESS.universal,"increase the level of financial inclusion, reduce the share of cash transactions",0.88,
V9-01344,INTEROP.domestic,convertible into cash or cashless money without limitations at the rate of 1:1,0.95,
V9-01356,INTEROP.domestic,"introduction of ""instant"" payments, which will allow significant increase of their conduct speed",0.72,
V9-01371,ADOPT.experience,cost of accepting e-hryvnia for traders as payment for goods and services,0.88,
V9-01376,STAB.disintermediation,macroeconomic effect of e-hryvnia issuance by the NBU,0.65,
V9-01377,SYS.design,design a business model that would be beneficial for all members of the e-hryvnia ecosystem,0.72,
V9-01378,SYS.design,full-scale implementation of the domestic digital currency foresees no uncontrollable issuance of hryvnia,0.78,
V9-01379,STAB.disintermediation,NBU will store any liquidity transferred from the banking system,0.85,
V9-01381,INTEROP.domestic,exchanged without limitation for cash or cashless funds in the ratio of 1:1,0.95,
V9-01388,SYS.design,enhance the Platform's infrastructure and performance by involving additional nodes,0.82,
V9-01389,ADOPT.experience,"simple, trustful, convenient system for adding and storing user personal data",0.8,
V9-01405,SYS.design,two alternative models of interaction: the centralized and the decentralized models,0.92,
V9-01409,SYS.design,NBU will perform non-typical duties of working with individuals including the dispute resolution,0.83,evidence_not_verbatim
V9-01412,SYS.design,"registration, network connection, customer software installation, as well as secure storage and administration of accounts",0.8,
V9-01416,SYS.design,implementation of e-hryvnia is impossible without major investment in upgrading the payment infrastructure,0.78,
V9-01425,CASH.relation,e-hryvnia should be considered solely as the third form of the hryvnia,0.9,
V9-01427,SYS.design,Platform processes all transactions in real time 24 hours,0.72,
V9-01432,OPS.resilience,backups and secure storage of keys to e-wallets,0.88,
V9-01434,OPS.resilience,storage of personal keys of Platform participants,0.78,
V9-01441,CASH.relation,fully interchangeable with cash and bank deposits at par value,0.85,
V9-01442,SYS.design,classified under monetary aggregate M0,0.92,
V9-01445,SYS.design,"liquidity is with households, the banking system, and the NBU",0.75,
V9-01449,SYS.design,e-hryvnia (centralized issuance model) is fiat currency,0.88,
V9-01452,INTEROP.domestic,enabling instant settlements and widespread accessibility with the security,0.72,
V9-01455,CASH.relation,"fully fungible with other forms of the Dirham (cash, deposits)",0.91,
V9-01456,INTEROP.domestic,enhance the efficiency of the local payment system,0.74,
V9-01457,INTEROP.crossborder,"immediate settlement of retail, wholesale, and cross-border payments",0.82,
V9-01474,INTEROP.crossborder,pain points of domestic and cross-border payments,0.78,
V9-01475,INTEROP.crossborder,reducing cost and increasing access to international markets,0.8,
V9-01476,INTEROP.crossborder,"assess the benefits and risks of Project mBridge, explore alternative bilateral",0.96,
V9-01477,INTEROP.crossborder,used for cross-border settlement and payment-versus-payment,0.97,
V9-01478,INTEROP.crossborder,exploring developing other cross-border CBDC arrangements,0.82,
V9-01481,INTEROP.crossborder,first cross-border CBDC payment on the mBridge minimum viable product,0.97,
V9-01486,STAB.disintermediation,financial stability and economic impact assessments,0.52,
V9-01490,SYS.design,issuance of the Digital Dirham is expected to take place,0.72,
V9-01491,ADOPT.experience,wallet is designed for ease of use and management,0.85,
V9-01523,INTEROP.domestic,settlement of transactions occurring in pilot CBDC,0.78,
V9-01527,INTEROP.domestic,Reduced settlement risk • Less reconciliation,0.82,
V9-01532,SYS.design,client funds are held against an individual investor's CHESS account,0.71,
V9-01562,SYS.design,pilot CBDC was structured as a real legal claim on the RBA,0.88,
V9-01574,INTEROP.domestic,HTLC mechanism to facilitate peer-to-peer settlement,0.76,
V9-01577,SYS.design,three different structures for holding pilot CBDC,0.85,
V9-01582,ACCESS.universal,"inclusion of individuals in the digital economy, notably for those who are underbanked",0.93,
V9-01593,SYS.design,challenges in integrating a CBDC platform with industry use case applications,0.82,
V9-01594,OPS.resilience,"performance, scalability, and security – could also be considered",0.8,
V9-01595,OTHER.keep,any decision on a CBDC in Australia is likely to be some years away,0.85,
V9-01598,SYS.design,keeps risks associated with industry use cases separate from the CBDC ledger,0.82,
V9-01610,STAB.disintermediation,risk-free backing in central bank money of private stablecoins,0.75,
V9-01614,INTEROP.domestic,risk-free settlement asset could create efficiency in a tokenised biodiversity credit market,0.72,
V9-01621,SYS.design,pilot CBDC will be required to be redeemed,0.78,
V9-01622,OTHER.keep,not yet a compelling case for issuance of a 'retail' CBDC,0.72,
V9-01625,OTHER.keep,privately issued stablecoins could play a role in the future,0.7,
V9-01626,INTEROP.domestic,improving efficiency of the corporate bond market by allowing equal access,0.74,evidence_not_verbatim
V9-01630,INTEROP.domestic,"fast settlement with member allocation data, reducing counterparty risk",0.76,
V9-01633,SYS.design,minimally prescriptive - both in the kind of CBDC model assumed,0.8,
V9-01636,SYS.design,"DFCRC will implement the pilot CBDC platform, with the RBA responsible for issuance and redemption",0.88,
V9-01637,SYS.design,stand-alone platform solely for the issuance and transactional operation,0.9,
V9-01641,SYS.design,"Mint, issue, redeem and burn eAUD; Authorise roles in ecosystem",0.92,
V9-01653,CASH.relation,"wholesale CBDC to act as a complement to, rather than a substitute for",0.78,
V9-01657,INTEROP.domestic,"based on the RTGS system technology, connectivity and functionality as it exists today",0.85,
V9-01665,INTEROP.domestic,settlement model uses central bank money for settlement where appropriate,0.83,
V9-01666,INTEROP.domestic,maintain at par convertibility of different forms of money,0.95,
V9-01668,SYS.design,settlement model could affect the implementation of monetary policy,0.72,
V9-01685,SYS.design,standalone CBDC platform controlled by the RBA was utilised,0.8,
V9-01687,INTEROP.domestic,stablecoins could play a role as a DvP settlement asset,0.78,
V9-01690,INTEROP.domestic,access to ESAs for interchange may be via an integration with the FSS,0.9,
V9-01691,SYS.design,exchanged directly on the tokenised asset platform via a decentralised exchange,0.82,
V9-01693,SYS.design,central bank's role from operator of a centralised infrastructure to issuer,0.88,
V9-01695,STAB.disintermediation,Fragments commercial banks' liquidity in central bank money,0.91,
V9-01697,INTEROP.domestic,absence of settlement in central bank money,0.8,
V9-01698,INTEROP.domestic,undermine 'singleness of money' as a purely market-based interchange mechanism,0.93,
V9-01699,STAB.disintermediation,fragment commercial banks' liquidity in central bank money to a lesser extent,0.85,
V9-01701,CASH.relation,designed to conform as much as possible to a familiar environment and mimic bank notes,0.92,
V9-01703,OTHER.keep,improving financial stability might provide a motivation for the issuance of CBDC,0.6,evidence_not_verbatim
V9-01705,CASH.relation,benchmark CBDC complements—and does not replace—cash,0.96,
V9-01706,SYS.design,benchmark CBDC is denominated in the sovereign currency,0.82,
V9-01707,INTEROP.domestic,"exchange reserves, bank notes and CBDC at par",0.95,
V9-01746,INTEROP.domestic,atomic and final DVP settlement transaction for each position,0.87,
V9-01747,INTEROP.domestic,"extend credit on-ledger to CDS members, who then can use this for settlement",0.85,
V9-01756,INTEROP.domestic,cost of creating an integrated as opposed to an interfaced settlement vs. payment infrastructure,0.82,
V9-01790,INTEROP.domestic,not integrated with any external systems including collateral management capabilities,0.8,evidence_not_verbatim
V9-01805,SYS.design,redeeming is the only process that must be manually approved,0.85,
V9-01814,INTEROP.domestic,economize on the use of costly DDR in the exchange of value,0.83,
V9-01816,SYS.design,Bank of Canada assumes the role of issuer of DDR,0.92,
V9-01817,SYS.design,digital wallet application is introduced in the form of a user interface,0.88,
V9-01831,INTEROP.domestic,liquidity-saving mechanism (LSM) that supported netting of payments,0.87,
V9-01838,SYS.design,design decouples the business rules from the movement of funds,0.88,
V9-01839,SYS.design,Fractional DDR balances may be divisible to two decimal places,0.87,
V9-01848,OPS.resilience,Keys are often managed through a central service that is separate,0.78,
V9-01849,SYS.design,UTXO design of contracts for portability to Corda,0.9,
V9-01853,SYS.design,pledge CAD in exchange for DDR in its wallet,0.88,
V9-01854,SYS.design,initial state of PENDING and can only be changed once,0.82,
V9-01855,OPS.resilience,"key aspects of the PFMIs concerning collateral, credit risk, money settlements and liquidity risk",0.62,
V9-01856,OPS.resilience,"do not fully meet the PFMIs concerning settlement finality, operational risk",0.72,
V9-01857,INTEROP.domestic,Transfers of DDR are transfers of a claim on central bank money,0.75,
V9-01858,INTEROP.domestic,executes payments on a net basis subject to amounts of liquidity provided,0.74,
V9-01865,CASH.relation,e-CNY is China's legal tender. Backed by sovereign credit,0.91,
V9-01866,SYS.design,centralized management model and a two-tier operational system,0.92,
V9-01868,CASH.relation,"substitute for cash in circulation (M0), and will coexist with physical RMB",0.96,
V9-01873,ACCESS.universal,issuance aims at enhancing financial inclusion,0.78,
V9-01875,INTEROP.crossborder,"technically ready for cross-border use, e-CNY is still designed mainly for domestic",0.85,
V9-01879,SYS.design,hardware wallet uses security chips and other technologies to enable the functions,0.8,
V9-01882,CASH.relation,"PBOC will neither stop supplying it, nor replace it via administrative order",0.93,
V9-01883,ADOPT.experience,"fully meet the public's daily payment needs, further improve the efficiency of the retail payment system",0.78,
V9-01884,INTEROP.domestic,e-CNY and funds in the electronic account of authorized operators are inter-operable,0.9,
V9-01885,CASH.relation,new form of RMB that meets the public's demand for cash,0.85,
V9-01886,ADOPT.experience,"bolster China's digital economy, enhance financial inclusion",0.45,
V9-01887,CASH.relation,diversify the forms of cash provided to the public,0.62,
V9-01893,INTEROP.domestic,topped up with physical Lilangeni or bank deposits,0.72,
V9-01895,CASH.relation,convertibility to physical Lilangeni at any time,0.88,
V9-01898,CASH.relation,acceptance of the Digital Dirham as a universal payment instrument (legal tender),0.82,
V9-01903,INTEROP.domestic,real-time gross settlement (RTGS) model and avoid reliance on a central bank commitment to settle,0.85,
V9-01904,INTEROP.domestic,no intraday credit facility envisaged in the Jasper framework. All value exchange over the platform is prefunded,0.8,
V9-01907,SYS.design,"exchange and circulation management, interoperability and wallet ecosystem",0.72,
V9-01917,ACCESS.universal,limited technological literacy and telecommunications coverage are minimized,0.88,
V9-01918,INTEROP.domestic,supports interoperability with traditional electronic payment systems. It makes full use of existing financial infrastructures,0.92,
V9-01921,SYS.design,Authorized operators may select their own technology roadmaps based on their actual demands,0.75,
V9-01948,ADOPT.experience,foster innovative business models that can increase financial market efficiency,0.6,
V9-01949,ADOPT.experience,"Use in retail, alongside bank accounts, payment accounts, cards and cash",0.78,
V9-01950,INTEROP.domestic,seamless integration to currently available payment systems,0.88,
V9-01956,SYS.design,digital Brazilian real as a hybrid CBDC,0.82,
V9-01957,INTEROP.domestic,"connect conventional sources of liquidity, provided by authorised agents, to digital asset ecosystems",0.72,
V9-01967,CASH.relation,CBDC should be complementary to cash. It should be designed as a good means of payment,0.92,
V9-01969,INTEROP.domestic,supports interoperability with traditional electronic payment systems,0.95,
V9-01972,CASH.relation,create a digital version of the renminbi that meets the public's demand for cash,0.88,
V9-01973,SYS.design,support the development of retail payment infrastructures and improve payment system efficiency,0.72,
V9-01974,ADOPT.experience,allow businesses and related parties to improve their cash flow while enjoying more convenient payment services,0.82,
V9-01976,OPS.resilience,provide a backup or redundancy to the retail system backed by commercial bank deposits,0.85,
V9-01977,ACCESS.universal,"make financial services more accessible, providing fiat money for a large population",0.92,
V9-01978,INTEROP.crossborder,"technically ready for cross-border use, e-CNY is still designed mainly for domestic retail payments",0.9,
V9-01979,INTEROP.crossborder,explore the applicability of CBDC in cross-border scenarios,0.95,
V9-01989,ACCESS.universal,e-CNY is a public good that improves financial inclusion,0.93,
V9-01991,ADOPT.experience,operators do not charge individual users for the exchange services either,0.85,
V9-01992,INTEROP.domestic,"break down barriers – institutional and platform alike – in the payment market, enabling payments in all use cases",0.8,
V9-02004,CASH.relation,more important to concentrate on maintaining the role of cash,0.92,
V9-02008,INTEROP.crossborder,"support cross-border interoperability, there is a dedicated structure in the proposed architecture",0.96,
V9-02017,SYS.design,every rCBDC distributed in the retail system is backed by wCBDC,0.88,
V9-02020,OPS.resilience,"prevent the problem of double-spending, ie spending the same rCBDC more than once",0.82,
V9-02094,ADOPT.experience,"private sector may innovate to promote a more efficient, inclusive and vibrant payments landscape",0.72,
V9-02117,INTEROP.domestic,funding a participant's wallet begins with the participant pledging Canadian dollars,0.91,
V9-02124,INTEROP.domestic,separated into settlement and non-settlement processes. The settlement process is governed,0.87,
V9-02143,OTHER.keep,digital rouble will not affect the way the central bank implements monetary policy,0.8,
V9-02150,ACCESS.universal,critical issues that CBDC issuance should address in order to be accepted by unbanked people,0.95,
V9-02162,CASH.relation,support cash in playing its important role as a legal tender and a main means of payment,0.93,
V9-02172,OPS.resilience,digital rouble transactions are carried out only upon a client's authorisation,0.78,
V9-02179,SYS.design,it would be a direct claim on MAS,0.85,
V9-02191,SYS.design,third form of money issued by the central bank and will be the central bank's liability,0.9,
V9-02193,ADOPT.experience,charged under unified rules throughout the country and the cost will be minimal,0.84,
V9-02194,ACCESS.universal,enhancing financial inclusion. The chosen model provides for maximum accessibility of the digital rouble,0.93,
V9-02196,SYS.design,two-tier retail model has been selected as the target model for the digital rouble,0.95,
V9-02197,SYS.design,"launches, maintains and develops the digital rouble platform; connects credit institutions",0.93,
V9-02201,INTEROP.domestic,lack of interoperability between existing closed loop digital payment systems,0.72,
V9-02202,SYS.design,represents a liability on the SARB's balance sheet,0.88,
V9-02203,SYS.design,foundation for Thailand's future financial infrastructure,0.72,
V9-02206,INTEROP.crossborder,"FX price discovery in the corridor network, enabling on-demand FX conversion",0.97,
V9-02207,SYS.design,enhancing the efficiency of fiat money,0.65,
V9-02215,CASH.relation,not aiming to replace cash but to complement it,0.99,
V9-02220,STAB.disintermediation,must not result in adverse effects on monetary policy or overall financial stability,0.78,
V9-02221,ACCESS.universal,accessible by all segments of the Thai population,0.97,
V9-02227,INTEROP.domestic,envisages an interoperable system domestically,0.97,
V9-02229,INTEROP.crossborder,participation in the mBridge project,0.99,
V9-02253,SYS.design,recording and payment in wholesale CBDC of the corresponding coupons,0.85,
V9-02263,SYS.design,open standard that can also be leveraged by pan-European schemes,0.78,
V9-02266,CASH.relation,digital euro would complement cash by providing a digital payment option,0.97,
V9-02277,ADOPT.experience,efficient way to settle payments instantly,0.82,
V9-02278,ADOPT.experience,"fees merchants pay are fair, given its status as legal tender",0.8,
V9-02284,INTEROP.domestic,dovetail with the existing payment landscape of Ghana,0.82,
V9-02296,STAB.disintermediation,preserving the existing financial service landscape in view of the critical role of banks,0.78,
V9-02297,INTEROP.domestic,existing universal QR-codes to be integrated into the eCedi ecosystem,0.88,
V9-02300,ADOPT.experience,consumer receives a payment card to access his wallet online,0.82,
V9-02302,INTEROP.domestic,legal tender and convertible to Ghana Cedi in the form of cash or deposit money in the 1:1 ratio,0.85,
V9-02306,CASH.relation,cash-mimic characteristic of the eCedi is its convertibility into the deposit money,0.87,
V9-02307,ADOPT.experience,eCedi transactions will be free of charge to the consumers,0.85,
V9-02309,INTEROP.domestic,interoperability with existing infrastructures in mind while enabling innovative functionalities,0.88,
V9-02310,INTEROP.domestic,interoperability between the eCedi and GhiPSS would enable settlements between different mobile money solutions,0.92,
V9-02313,OPS.resilience,"designed to be able to recover from operational disruption, such as failures in its hardware or software",0.92,
V9-02314,OPS.resilience,Payments with the eCedi will be provided 24/7 with no scheduled downtime,0.93,
V9-02315,INTEROP.domestic,functionally compatible with the existing payment instruments and will support instant payments,0.88,
V9-02321,OPS.resilience,separation of the issuance and distribution modules of the core infrastructure,0.83,
V9-02324,ACCESS.universal,"inclusive and universally appealing digital currency that would be a catalyst for financial inclusion, accessible everywhere and by all",0.95,
V9-02327,CASH.relation,serve as a digital complement to cash and enhance the overall efficiency of payments,0.87,
V9-02337,ADOPT.experience,"affordability, user-friendliness, safety and service availability were of prime importance",0.82,
V9-02338,OPS.resilience,more efficient and resilient payment system,0.72,
V9-02339,OTHER.keep,emerging risk of unregulated private 'currencies' or virtual assets,0.78,
V9-02340,OTHER.keep,Strengthen the monetary policy transmission channel,0.85,
V9-02342,ADOPT.experience,Reduce the cost of payments and payment service delivery,0.8,
V9-02350,ADOPT.experience,eCedi should be free for the user,0.85,
V9-02354,CASH.relation,reduce reliance on cash for transactions,0.82,
V9-02355,ACCESS.universal,focus on inclusive access and seamless integration in the design,0.8,
V9-02372,SYS.design,"guided by three key principles, namely: safety, efficiency, and openness",0.78,
V9-02377,SYS.design,"flexible, and preferably reconfigurable, technology architecture that supports multiple instantiations",0.88,
V9-02383,SYS.design,illustrative technology architecture of rCBDC designed to enable households and businesses,0.83,
V9-02385,OPS.resilience,cyber attacks from the retail user system will not be cascaded,0.9,
V9-02406,OPS.resilience,guard against the possibility of over-issuance and double spending,0.85,
V9-02407,SYS.design,prevent an intermediary from over-withdrawing CBDC as CBDC moves from the wholesale layer,0.8,
V9-02413,SYS.design,Payer_ID and Payee_ID include the public key of payer/payee,0.85,
V9-02417,SYS.design,validator registers the rCBDC transaction as newly created in its UTXO database,0.88,
V9-02419,INTEROP.domestic,deposits CBDC to an omnibus account in the wholesale system in order to withdraw an equivalent amount,0.85,
V9-02420,INTEROP.domestic,CBDC is moved from the wholesale system to the retail system,0.87,
V9-02426,OPS.resilience,isolate the CBDC issuance process from the wholesale system to improve cybersecurity,0.9,
V9-02433,SYS.design,only the central bank can create and destruct CBDC,0.91,
V9-02439,SYS.design,support the issuance and settlement of different asset embodiments,0.85,
V9-02442,INTEROP.crossborder,support interoperability with other countries' CBDC payment systems,0.96,
V9-02443,ADOPT.experience,allow private sector innovators to build additional services on top of the CBDC platform,0.8,
V9-02481,ADOPT.experience,user needs to have a mobile wallet app in order to access the retail system,0.88,
V9-02492,INTEROP.crossborder,support overseas users or wallets through a dedicated server gateway as a bridge,0.87,
V9-02498,INTEROP.domestic,e-HKD should be fully interoperable with other payment systems,0.88,evidence_not_verbatim
V9-02501,SYS.design,using CBDC as the on- and off-ramp instrument for DeFi,0.78,
V9-02503,INTEROP.domestic,rCBDC should support interoperability with a wide range of payment means,0.87,
V9-02509,CASH.relation,"issuance of a digital form of fiat currency, with legal tender status",0.85,
V9-02514,SYS.design,e-HKD is a central bank liability instead of a commercial bank liability,0.92,evidence_not_verbatim
V9-02515,SYS.design,CBDC issuance is restricted to the wholesale system only,0.92,
V9-02516,OPS.resilience,minimise the attack surface,0.91,
V9-02517,OPS.resilience,processes of CBDC issuance and the validator could be placed on separate machines,0.82,
V9-02523,INTEROP.domestic,does not compromise interoperability,0.78,
V9-02524,INTEROP.domestic,e-HKD should be interoperable with other payment systems,0.88,
V9-02525,OTHER.keep,continue to consider and explore different options in search of viable solutions,0.72,
V9-02534,INTEROP.crossborder,cross-border/interoperability issues in view as it develops the framework,0.93,
V9-02542,SYS.design,choice between retail CBDC which will affect general public and wholesale CBDC for selected entities,0.88,evidence_not_verbatim
V9-02543,INTEROP.domestic,"interconnectivity, interoperability, and integration (3i) aspects with existing payment systems",0.85,
V9-02544,INTEROP.domestic,use of Digital Rupiah as the settlement asset for monetary operations or for money market,0.83,
V9-02547,SYS.design,"central bank money offering superior qualities i.e., stable, safe, and efficient",0.74,
V9-02548,SYS.design,Digital Rupiah exists as an anchor for payment instruments in digital era,0.8,
V9-02549,SYS.design,"integrated end-to-end configuration, from w-Digital Rupiah to r-Digital Rupiah",0.9,
V9-02550,SYS.design,design will be directed to accommodate resilient features that enable development of new innovative,0.75,
V9-02552,SYS.design,selection of CBDC architecture: choosing between wholesale CBDC (w-CBDC) or retail CBDC (r-CBDC),0.92,
V9-02555,INTEROP.domestic,develop interlinkage with the existing FMIs,0.82,
V9-02556,CASH.relation,complement banknotes and coins,0.92,
V9-02557,SYS.design,select suitable technology platform which can support Digital Rupiah's issuance and distribution,0.8,
V9-02558,SYS.design,"fulfill its functions as a medium of exchange, store of value, and unit of account",0.75,
V9-02559,STAB.disintermediation,complies with 'do no harm' principle to monetary and financial system stability,0.78,
V9-02561,INTEROP.crossborder,cross-border CBDC interoperability initiatives,0.95,
V9-02562,SYS.design,"design that in line with Bank Indonesia's tasks in monetary, macroprudential, and payment systems sectors",0.72,
V9-02563,ACCESS.universal,"features that support end-to-end innovations, financial inclusion, and efficiency",0.74,
V9-02564,SYS.design,five main elements: (i) issuance; (ii) distribution and recording of transactions; (iii) access; (iv) use cases and interlinkage; and (v) infrastructure,0.9,
V9-02565,SYS.design,issued in two forms: wholesale Digital Rupiah (w-Digital Rupiah) and retail Digital Rupiah,0.91,
V9-02566,SYS.design,"direct claim of its holder to Bank Indonesia, with comparable issuance mechanism",0.85,
V9-02567,CASH.relation,"complementary to banknotes, coins, and third-party reserves at Bank Indonesia",0.88,
V9-02569,STAB.disintermediation,alter the composition of Bank Indonesia's monetary liabilities without changing the size of Bank Indonesia's balance sheet,0.87,
V9-02576,INTEROP.domestic,digital securities to allow for more efficient transaction processing time under Delivery-versus-Payment (DvP) model,0.78,
V9-02577,INTEROP.domestic,Interconnection between different platforms would utilize application programming interface (API),0.82,
V9-02579,INTEROP.domestic,exchange information and perform transactions with existing and future traditional infrastructures,0.92,
V9-02580,SYS.design,"meet technical, semantic, and business/legal standards in accordance with technological developments",0.72,
V9-02581,INTEROP.domestic,"integrated process between Digital Rupiah platform and existing FMIs, including payment systems",0.91,
V9-02584,SYS.design,"single point of contact to ensure the security, completeness, validity, and accuracy of Digital Rupiah supply",0.85,
V9-02585,INTEROP.domestic,transferring funds from participants' reserves to Digital Rupiah technical account in BI-RTGS,0.93,
V9-02591,SYS.design,hybrid recording model that enables Bank Indonesia to maintain control over the end-to-end management,0.88,
V9-02592,INTEROP.domestic,Digital Rupiah will be the settlement asset for various types of transactions,0.87,
V9-02593,SYS.design,"two digital assets, Digital Rupiah and digital securities, built on a single platform",0.88,
V9-02594,INTEROP.domestic,"DvP use case, for example, this enables atomic settlement, which is more efficient",0.84,
V9-02595,SYS.design,use cases developed by Bank Indonesia and external parties,0.78,
V9-02596,INTEROP.domestic,3i connectivity bridge will be established to link Digital Rupiah platform with other FMIs,0.93,
V9-02597,INTEROP.domestic,W-Digital Rupiah is directed to serve as the settlement asset for financial markets transactions,0.9,
V9-02598,ADOPT.experience,R-Digital Rupiah is used to facilitate retail use cases related to personal/individual and business,0.82,
V9-02599,OPS.resilience,"minimize operational exposure, including cyber-attacks, against financial system stability",0.87,
V9-02602,SYS.design,Bank Indonesia will also sequentially develop r-Digital Rupiah platform,0.8,
V9-02606,INTEROP.crossborder,allow it to be exchangeable with foreign CBDC,0.99,
V9-02608,ADOPT.experience,use of Digital Rupiah in the Web 3.0 ecosystem,0.72,
V9-02609,OPS.resilience,"safe, reliable, and resilient Digital Rupiah technology design",0.91,
V9-02613,SYS.design,recognized as a component of base money (M0),0.88,
V9-02618,INTEROP.domestic,settlement asset for monetary operation and financial market transactions complementing the existing reserves,0.9,
V9-02620,INTEROP.domestic,"streamline the DvP process, reducing settlement and liquidity risks",0.87,
V9-02622,INTEROP.crossborder,align Digital Rupiah design with cross-border interoperability features,0.98,
V9-02623,INTEROP.crossborder,cooperation with global central bank communities and international organizations,0.75,
V9-02624,INTEROP.crossborder,"collaborate with international organizations, among others include, the IMF, the BIS",0.76,
V9-02625,ADOPT.experience,"develop use cases for distribution and collection, as well as peer-to-peer transfers",0.82,
V9-02628,SYS.design,"issuance of digital securities by parties outside central bank, including their inclusion as collateral",0.83,
V9-02630,INTEROP.domestic,interconnection of w-Digital Rupiah and r-Digital Rupiah platforms with other FMIs,0.93,
V9-02633,INTEROP.domestic,option to convert their r-Digital Rupiah to bank deposit,0.91,
V9-02635,STAB.disintermediation,"minimum capital requirements, systemic capital surcharge, to the establishment of a more prudent liquidity cushion",0.85,
V9-02638,OTHER.keep,"divided into three stages, arranged based on the four criteria of feasibility",0.8,
V9-02639,SYS.design,"issuance, redemption, and transfer of funds use cases",0.82,
V9-02640,INTEROP.domestic,"integrated, interconnected, and interoperable (3i) with the existing BI-RTGS",0.97,
V9-02642,INTEROP.domestic,"DvP for interbank money market, monetary operations, and CCP fund settlements",0.91,
V9-02645,SYS.design,"wholesale Digital Rupiah (w-Digital Rupiah) cash ledger (issuance, redemption",0.83,
V9-02646,SYS.design,expand the w-Digital Rupiah use cases to include broader types of financial market,0.75,
V9-02652,INTEROP.domestic,W-Digital Rupiah is used as the settlement asset for financial transactions,0.93,
V9-02654,INTEROP.domestic,convert w-Digital Rupiah into their reserve account at Bank Indonesia,0.9,
V9-02655,SYS.design,"KDR will act as the single-entry point in ensuring security, completeness, validity",0.85,
V9-02658,SYS.design,Conversion from a participant's current account balance to Digital Rupiah could occur 24/7,0.8,
V9-02659,INTEROP.domestic,Payments in w-Digital Rupiah will be settled in real-time,0.88,
V9-02662,OPS.resilience,cold wallets would be optional. Participants could leverage cold wallets for cyber risk mitigation,0.88,
V9-02675,INTEROP.domestic,w-Digital Rupiah as a settlement asset for transactions in monetary operations,0.85,
V9-02676,ADOPT.experience,identify the right use cases to ensure effective adoption,0.87,
V9-02677,SYS.design,liability of Bank Indonesia to its users issued in digital format,0.88,
V9-02678,SYS.design,"issued in two types, wholesale Digital Rupiah (w-Digital Rupiah) and retail Digital Rupiah",0.9,
V9-02679,INTEROP.domestic,risk-free settlement asset in the wholesale market,0.92,
V9-02694,INTEROP.domestic,"integrated, interoperable, and interconnected with the current payment system",0.82,
V9-02698,OTHER.keep,"Increasing the inclusion, innovation, and efficiency of the financial system",0.72,
V9-02705,SYS.design,conversion of current accounts (no-money creation),0.88,
V9-02708,SYS.design,KDR acts as a facilitator and does not hold the Rupiah Digital,0.87,
V9-02709,INTEROP.domestic,redemption through the conversion of current accounts in BI-RTGS,0.9,
V9-02714,SYS.design,Validating the creation and destruction of Rupiah Digital,0.86,
V9-02724,SYS.design,"creation, issuance, redemption, and destruction of the Rupiah Digital",0.88,
V9-02725,INTEROP.domestic,conversion of current accounts in BI-RTGS into the Rupiah Digital,0.92,
V9-02731,INTEROP.domestic,omnibus account on the BI-RTGS system to complete the settlement,0.91,
V9-02736,INTEROP.domestic,replicates the practices that apply to the current wholesale payment system,0.89,
V9-02741,INTEROP.domestic,communication standard between wRD and BI-RTGS,0.93,
V9-02743,SYS.design,"participants categorized as no-node, the database management is handled by the provider node",0.85,
V9-02753,INTEROP.domestic,ISO 20022 as a messaging standard,0.8,
V9-02754,INTEROP.domestic,interoperability of existing Financial Market Infrastructures (FMIs) through connectivity to the Bank Indonesia Real Time Gross Settlement,0.95,
V9-02774,INTEROP.domestic,"atomic settlement in payment systems, particularly in Delivery Versus Payment",0.82,
V9-02785,SYS.design,implements observer nodes by utilizing the emit event feature on smart contracts,0.72,
V9-02800,INTEROP.domestic,no-money creation through conversion. This conversion process is executed by transferring the participant's current account balance,0.8,
V9-02820,INTEROP.domestic,"settlement in RTGS, the KDR node on the wRD platform receives MT202 and MT900 messages",0.92,
V9-02836,SYS.design,"queueing mechanism is implemented in a decentralized manner, where participants are responsible",0.78,
V9-02839,ACCESS.universal,"available to the entire public, including children, foreigners (including tourists), all types of businesses",0.95,
V9-02845,INTEROP.domestic,interoperates with other payment systems and digital asset networks,0.8,
V9-02846,OPS.resilience,"not depend on other payment systems for its operation, ensuring the ability to make payments in emergencies or failures",0.92,
V9-02849,SYS.design,user can link multiple wallets to their unique identifier and manage them,0.82,
V9-02852,SYS.design,support micro-payments as well as very high-value payments. Every payment in the digital shekel will be immediate and final,0.75,
V9-02858,ADOPT.experience,"Basic uses of the DS for private users will be free, and for businesses, the costs of using it are expected to be significantly lower",0.93,
V9-02859,INTEROP.domestic,"interoperable with other systems, allowing easy conversion between the DS and other means of payment",0.85,
V9-02863,SYS.design,digital shekel is a CBDC that is a liability of the Bank of Israel towards those who hold it,0.85,
V9-02864,CASH.relation,DS will join physical cash and digital money in bank's reserves...will be legal tender in Israel with a 1:1 conversion ratio,0.92,evidence_not_verbatim
V9-02865,SYS.design,"usable by the general public (retail CBDC) and financial entities (wholesale CBDC), making it a ""multipurpose CBDC""",0.83,
V9-02866,SYS.design,"sole issuer of the DS, will serve as the system manager",0.92,
V9-02868,SYS.design,"do not hold the customer's funds, they do not create the financial risk",0.78,
V9-02874,ACCESS.universal,"payment in a situation where both parties, the payer and the payee, are not connected",0.82,
V9-02878,SYS.design,creation/deletion of new/existing digital shekels by the Bank of Israel,0.91,
V9-02879,SYS.design,transfer of digital shekels from one wallet to another wallet,0.85,
V9-02880,SYS.design,digital shekel could be used by both the general public and financial entities,0.8,
V9-02887,INTEROP.domestic,interoperability with other payment systems as well as with other digital asset networks,0.87,
V9-02888,OPS.resilience,ensuring redundancy and proper functioning in emergencies or failures,0.95,
V9-02891,ACCESS.universal,DS is accessible to every resident (individual or corporation) in Israel,0.95,
V9-02895,INTEROP.domestic,convertible at a 1:1 ratio to any other form of shekel,0.95,
V9-02897,INTEROP.domestic,"interoperable with other payment systems, allowing users to receive or pay in digital shekel",0.93,
V9-02910,SYS.design,hold multiple digital shekel wallets linked to their unique identifier,0.88,
V9-02917,SYS.design,central services will operate to address various needs of the digital shekel system,0.87,
V9-02918,SYS.design,Alias is issued by a central mechanism and not dependent on the identity of the PSP,0.86,
V9-02921,SYS.design,system manager will define and enforce rules for connecting participants to the system,0.9,
V9-02924,SYS.design,Bank of Israel will define the structure of the Alias,0.72,
V9-02944,ADOPT.experience,usage costs to be negligible (similar to cash),0.85,
V9-02955,INTEROP.domestic,using the e-hryvnia of one Issuer in the networks of traders and/or agents on settlements of other Issuers,0.88,
V9-02970,SYS.design,system operator is responsible for the operation of the backend layer,0.9,
V9-02978,INTEROP.domestic,fully convertible with other forms of Dirham-denominated money,0.9,
V9-02979,INTEROP.crossborder,bilateral and multilateral CBDC arrangements to facilitate cross-border payments,0.97,
V9-02981,INTEROP.crossborder,participate in international projects on cross border CBDCs,0.96,
V9-02982,INTEROP.crossborder,Participation in international projects around cross border CBDCs,0.96,
V9-02987,CASH.relation,digital shekel will join other forms of money that already exist – cash,0.93,
V9-02991,INTEROP.domestic,"support connectivity to the RTGS system, as well as automatic liquidity management",0.92,
V9-02992,INTEROP.domestic,Funding and defunding processes by customers of an FI holding an account at the Bank of Israel RTGS system,0.95,
V9-02996,SYS.design,ASP will not be able to initiate a payment transaction in the end user's wallet,0.82,
V9-03000,SYS.design,multipurpose digital currency that caters to retail users such as households and businesses,0.8,
V9-03002,SYS.design,designed to serve end users – individuals and organisations who can hold balances in digital shekel wallets,0.8,evidence_not_verbatim
V9-03005,SYS.design,"government, through its various entities, will also be an end user and hold digital shekel wallet",0.75,
V9-03007,INTEROP.domestic,payments requiring final settlement,0.82,
V9-03008,SYS.design,will also meet the common definition of a wholesale CBDC,0.78,
V9-03012,SYS.design,takes into account a very wide range of users and use cases,0.62,
V9-03016,SYS.design,user can link multiple wallets to their unique identifier,0.8,
V9-03019,SYS.design,Each wallet can be linked to only one unique identifier,0.82,
V9-03020,SYS.design,PSPs can offer shared wallet functionality,0.78,
V9-03021,ADOPT.experience,allow end users to use their existing payment devices,0.83,
V9-03023,SYS.design,"secure container can operate: on the same device as the user interface, in the cloud",0.8,
V9-03024,SYS.design,backend layer will be indifferent to the type of access technology,0.78,
V9-03025,SYS.design,transactions in the digital shekel can be performed between any two access technologies,0.77,
V9-03026,ADOPT.experience,allow end users to use existing payment devices they already have,0.83,
V9-03027,INTEROP.domestic,Compatibility with the EMV protocol may be required,0.75,
V9-03031,INTEROP.domestic,fund or defund the wallet against private money in a payment account,0.88,
V9-03032,INTEROP.domestic,link an account with an FI to their digital shekel wallet to fund and defund,0.9,
V9-03033,INTEROP.domestic,"allow enable a ""waterfall"" or ""reverse waterfall"" mechanisms",0.82,
V9-03035,CASH.relation,fund or defund their digital shekel wallet against cash – at an ATM,0.82,
V9-03040,INTEROP.domestic,FI will debit the user's account with the funding amount,0.78,
V9-03046,SYS.design,private key of the court and that of the PSP would need to be presented to the settlement engine,0.72,
V9-03047,SYS.design,access technology can be exempt from supporting synchronous transactions with other access technologies,0.7,
V9-03048,SYS.design,Every combination of payment transactions between end users from all sectors will be supported,0.68,
V9-03049,ADOPT.experience,support very small and high-frequency payments,0.65,
V9-03051,SYS.design,support micropayments as well as very high-value payments,0.67,
V9-03052,SYS.design,Bank of Israel acts as an intermediary between the end user and the FI,0.72,
V9-03057,SYS.design,"transaction in the digital shekel will be immediate and final, with finality embedded both in the system design",0.75,
V9-03059,ADOPT.experience,"digital shekel will introduce new capabilities that do not currently exist, setting it apart from other means of payments",0.71,
V9-03060,INTEROP.domestic,interoperable with other payment systems domestically and internationally,0.62,
V9-03061,INTEROP.domestic,end users will be able to benefit from open banking services,0.73,
V9-03064,SYS.design,balance updates following a payment transaction are irreversible,0.74,
V9-03066,ADOPT.experience,display a clarification that the payment they are about to perform is final and irreversible,0.68,
V9-03067,CASH.relation,combine the maximum advantages of both cash and digital money,0.82,
V9-03068,ADOPT.experience,"immediate, final, and always-available payments at minimal to zero cost",0.72,
V9-03069,INTEROP.domestic,interoperability across four main dimensions – with other payment systems in Israel,0.62,
V9-03070,INTEROP.domestic,issuance/redemption of digital shekels will be reflected in a debit/credit of an FI account in the RTGS system,0.95,
V9-03071,CASH.relation,Funding and defunding a digital shekel wallet against cash will require connectivity,0.92,
V9-03072,INTEROP.domestic,payments from a digital shekel wallet to a payment account at a bank,0.93,
V9-03073,INTEROP.domestic,transfer funds from their digital shekel wallet to another party's bank account,0.93,
V9-03075,INTEROP.domestic,existing interface at the banks – based on the payment institution's identification code,0.88,
V9-03076,SYS.design,"identification code will be for the entire digital shekel system, allowing transfers to any wallet",0.78,
V9-03077,INTEROP.domestic,connectivity between the digital shekel system and MASAV will allow splitting these payments,0.92,
V9-03079,SYS.design,messages in the digital shekel system should conform to an international standard,0.82,
V9-03082,INTEROP.domestic,debit their digital shekel wallet for their card payments instead of their bank account,0.85,
V9-03083,INTEROP.domestic,credit their digital shekel wallet instead of their bank account,0.85,
V9-03084,INTEROP.domestic,load prepaid cards by transferring funds from their digital shekel wallet,0.82,
V9-03085,INTEROP.domestic,deposit physical checks into any digital shekel wallet instead of into a bank account,0.83,
V9-03106,SYS.design,"end user can open multiple wallets at the central database, with the PSP managing the hierarchy",0.88,
V9-03107,SYS.design,wallet status needs to be managed centrally,0.82,
V9-03110,INTEROP.domestic,"use existing infrastructures for bilateral communication, such as the open banking infrastructure",0.85,
V9-03118,SYS.design,Support for split payments (Split and Batch),0.78,
V9-03120,INTEROP.domestic,digital shekel will always be at par (1:1) with cash,0.88,
V9-03121,SYS.design,advanced functionalities will be accessible to all participants through the system manager,0.8,
V9-03122,SYS.design,additions to the core system's capabilities will be based on ecosystem needs,0.81,
V9-03130,SYS.design,only entity authorised to make any changes to the records in the main database is the system operator,0.87,
V9-03133,CASH.relation,mechanism for issuing digital shekels against cash,0.88,
V9-03135,SYS.design,transfer (and removal from circulation) of digital shekels from an end user's wallet,0.76,
V9-03136,CASH.relation,ATMs will hold an offline digital shekel wallet and allow cash withdrawals against offline digital shekels,0.92,
V9-03143,SYS.design,central wallet will be defined to represent the holdings of all users in offline digital shekel wallets,0.82,
V9-03144,SYS.design,offline digital shekel balance will be stored in the secure container,0.8,
V9-03146,ADOPT.experience,basic service without cost to the user in online digital shekels will also be free of charge,0.83,
V9-03147,CASH.relation,ATMs will enable funding offline digital shekels against cash,0.91,
V9-03156,SYS.design,structure of the payment message will be designed flexibly to allow for the inclusion of additional information,0.79,
V9-03159,SYS.design,"active communication' capabilities – independent communication, including a power source",0.72,
V9-03164,SYS.design,message can be transmitted through an external communication infrastructure,0.71,
V9-03165,SYS.design,"system will also support 'scheduled payments,' where the time between initiation and completion",0.74,
V9-03167,SYS.design,"system is designed and built to be scalable, with scalability achievable quickly",0.76,
V9-03174,SYS.design,payment message should comply with an accepted international standard,0.78,
V9-03177,OPS.resilience,Digital Shekel system will be available to end users 24 hours a day,0.88,
V9-03178,OPS.resilience,"Performance requirements will be consistent for all participants, ensuring optimal performance",0.75,evidence_not_verbatim
V9-03179,SYS.design,system will be designed with an emphasis on scalability to accommodate growth,0.74,
V9-03183,ADOPT.experience,cost of using the digital shekel for basic activities should be low to negligible,0.88,
V9-03186,SYS.design,Bank of Israel retains the option to charge various fees from participants,0.72,
V9-03202,ADOPT.experience,merchant fee for a simple payment transaction in the digital shekel will be lower,0.89,
V9-03204,ADOPT.experience,base layer model similar in nature to that existing in credit cards – a business fee,0.8,
V9-03226,OPS.resilience,system will be designated as critical national infrastructure and will comply with the standards of the National Cyber Directorate,0.93,
V9-03253,ACCESS.universal,digital shekel will be designed to be suitable for all populations,0.91,
V9-03257,SYS.design,ability of the digital shekel to function as a multi-purpose CBDC – meaning it can serve as both a retail CBDC and a wholesale CBDC,0.82,
V9-03271,SYS.design,operate as a financial system for immediate payments between end users,0.72,
V9-03292,SYS.design,provide flexibility and allow for the existence of the additional models,0.78,
V9-03297,SYS.design,"platform can operate in a ""stateless"" mode",0.75,
V9-03298,INTEROP.domestic,Open Banking APIs for communication between participants,0.8,
V9-03308,SYS.design,direct integration into the core system of the digital shekel,0.82,
V9-03310,SYS.design,"support the activity of numerous types of entities, and will require two types of communication",0.75,
V9-03314,SYS.design,"direct model is more efficient and, in theory, there remains only the question of how to settle accounts",0.77,
V9-03315,INTEROP.domestic,direct model cannot be implemented by settling accounts between the central bank and the commercial banks on the basis of the RTGS system,0.85,
V9-03317,SYS.design,Distribution model of the digital shekel – How will the digital shekels be distributed,0.83,
V9-03319,SYS.design,settlement of digital shekel payment transactions be carried out,0.82,
V9-03321,SYS.design,"offline solution which we have decided to relate to, at this stage of the project, as a kind of external component which will require interoperability",0.7,
V9-03322,STAB.disintermediation,Digital shekels represent a direct commitment of the central bank and therefore will likely be included in the liquidity buffer,0.81,
V9-03323,OPS.resilience,implications for the system's operational and technological complexity,0.65,
V9-03324,SYS.design,based on gross settlement and therefore require advance funding of a balance by the FIs,0.8,
V9-03326,OPS.resilience,digital shekel system will be required to support high transaction throughput,0.74,
V9-03328,INTEROP.domestic,solving interoperability issues between the wholesale and retail dimensions,0.85,
V9-03340,INTEROP.domestic,no direct technological connection between the Bank of Israel and the ATM switch,0.87,
V9-03361,SYS.design,centralized database in the digital shekel system can facilitate higher efficiency,0.72,
V9-03364,SYS.design,no dependency between updating of the end user's total balance and the ability to complete a subsequent settlement transaction,0.75,
V9-03365,SYS.design,handle multiple settlement transactions in parallel for a single user,0.74,
V9-03366,INTEROP.domestic,interoperability with the following: existing systems and infrastructure,0.78,
V9-03367,INTEROP.domestic,RTGS system will be used for settlement of accounts between the central bank and the FI,0.91,
V9-03369,INTEROP.domestic,"digital shekel system can serve as the central bank's multi-purpose digital currency, as well as an RTGS system",0.82,
V9-03372,SYS.design,Assigning an offline balance to each end user,0.7,
V9-03375,INTEROP.domestic,credit card will debit his digital shekel wallet rather than his bank account,0.8,
V9-03384,SYS.design,End-user balances are managed on the basis of a centralized database at the central bank,0.85,
V9-03386,SYS.design,payment providers manage a retail ledger for their customers,0.86,
V9-03394,INTEROP.domestic,"interoperability with at least the following systems: the ZAHAV system, the ATM switch, MASAV, SHVA",0.95,
V9-03399,SYS.design,"splitting the ""aggregated user account"" account-balance data in the intermediaries by dividing end users",0.76,
V9-03400,SYS.design,processing requests for CBDC transfers across intermediaries are currently designed as simultaneous account transfers,0.78,
V9-03401,SYS.design,ledger system in Designs 1 and 3 is only for the central bank,0.92,
V9-03406,SYS.design,clear distinction between the settlement engine and the broader database,0.91,
V9-03420,SYS.design,Designs 2 and 3 are at a disadvantage to Design 1 in terms of ease of implementing additional functions,0.85,
V9-03430,ADOPT.experience,overlay services related to domestic P2P and B2C fund transfers,0.82,evidence_not_verbatim
V9-03439,INTEROP.domestic,"Instant conversion between CBDC and other forms of money, such as bank deposits",0.95,
V9-03467,SYS.design,scheduled transaction management system that automatically activates transaction requests,0.88,
V9-03468,SYS.design,orchestration system was added as a facade to ensure data consistency between systems,0.92,
V9-03470,SYS.design,ledger system was not configured to have functions such as transaction record management,0.93,
V9-03477,SYS.design,connect them indirectly via a connection system that is independent of both systems,0.87,
V9-03479,SYS.design,"user accounts are managed in each intermediary's ledger, user limits and transaction record",0.9,
V9-03481,SYS.design,central bank's orchestration system will retain only the point-of-contact function as a facade,0.91,
V9-03489,OPS.resilience,add a digital signature from the central bank to the offline CBDC stored on the terminal,0.83,
V9-03503,SYS.design,ledger system perform as little processing as possible other than updating balances,0.92,
V9-03504,ACCESS.universal,promoting more inclusive access to regulated payments and formal financial services for underserved communities,0.95,
V9-03505,CASH.relation,"in addition to banknotes, a secure means of payment, easy to apply, accessible, with a legal tender",0.91,
V9-03508,SYS.design,guaranteed and less volatile alternative to private currencies,0.62,
V9-03509,ADOPT.experience,support for innovations in the fintech ecosystem,0.6,
V9-03510,OPS.resilience,contingency solution in the event of a failure in the banks' payment systems,0.92,
V9-03511,OPS.resilience,contingency aspect may gain increased importance if the payment infrastructure becomes more international,0.72,
V9-03512,ADOPT.experience,maintain competition between different means and instruments of payment,0.65,
V9-03513,ACCESS.universal,ensure the public access to a safe means of payment,0.82,
V9-03514,CASH.relation,introduce a legal tender on a par with cash,0.9,
V9-03516,SYS.design,"affirming the sovereignty of the national currency, ensuring the integrity and stability",0.6,
V9-03517,INTEROP.domestic,"establishment of a modern, dynamic and secure national payment system",0.72,
V9-03520,CASH.relation,"complementing banknotes, as a secure, easy-to-use, accessible means of payment with legal tender status",0.91,
V9-03521,ADOPT.experience,offer the advantages provided by private payment solutions,0.75,
V9-03529,CASH.relation,Norges Bank will issue cash as long as it is appropriate,0.93,
V9-03530,OPS.resilience,appropriate measure to remedy weaknesses that might otherwise arise,0.65,
V9-03531,OPS.resilience,independent contingency solution for the ordinary electronic payment systems,0.93,
V9-03532,STAB.disintermediation,Ensure access to credit-risk-free money,0.78,
V9-03533,ADOPT.experience,competition in the markets for means of payment,0.52,
V9-03535,STAB.disintermediation,not weaken the private sector's ability to provide credit,0.92,
V9-03536,OPS.resilience,operationally independent of the ordinary payment systems,0.82,
V9-03537,OPS.resilience,ensure national control if other payment infrastructure is moved outside Norway's borders,0.75,
V9-03538,CASH.relation,"supplement to cash, CBDC could ensure all properties that a legal tender should have",0.93,
V9-03540,CASH.relation,consideration of legal tender alone can justify introducing CBDC,0.82,
V9-03541,OPS.resilience,"independent contingency if confidence in the banking system weakens substantially, or electronic contingency solutions are insufficient",0.8,
V9-03544,OPS.resilience,independent contingency solution for the ordinary electronic payment systems,0.91,
V9-03545,OPS.resilience,technical independence from ordinary payment systems and national control,0.88,
V9-03546,OPS.resilience,not obviously necessary from a contingency perspective,0.85,
V9-03548,ACCESS.universal,ensure the public's access to a safe means of payment,0.72,
V9-03554,OTHER.keep,safe and efficient payment system and continued trust in the monetary system,0.55,
V9-03555,OPS.resilience,independent contingency/resilience - credit-risk-free alternative to bank deposits,0.62,
V9-03556,CASH.relation,supplement to cash to ensure that these properties are maintained,0.88,
V9-03558,SYS.design,possible positive additional property in the choice of design,0.62,
V9-03568,CASH.relation,good reasons to have legal tender,0.72,
V9-03571,STAB.disintermediation,independent contingency if confidence in the banking system weakens significantly,0.82,
V9-03572,ADOPT.experience,strengthen competition in the payments market,0.7,
V9-03573,SYS.design,well prepared to introduce CBDC if the payment system and means of payment develop,0.62,
V9-03574,SYS.design,Money in a Norwegian CBDC system shall be a claim on Norges Bank,0.88,
V9-03579,CASH.relation,CBDC shall be capable of functioning as legal tender,0.92,
V9-03581,SYS.design,payments with CBDC shall be immediate and final (finality),0.8,
V9-03584,CASH.relation,offering a legal tender,0.85,
V9-03591,ACCESS.universal,offline-based payment solutions without users being exposed to credit risk,0.72,
V9-03592,ADOPT.experience,payments between devices in the Internet of Things (IoT),0.74,
V9-03596,SYS.design,solution will have strong similarities to a full-reserve bank,0.85,
V9-03597,OPS.resilience,"requirements for scalability, availability, security, technology neutrality and adaptability",0.88,
V9-03598,OPS.resilience,DSP solution shall be independent of banks' electronic payment solutions,0.78,
V9-03602,CASH.relation,Must be able to function as legal tender,0.92,
V9-03603,SYS.design,Payments with DSP shall be immediate and final,0.8,
V9-03610,OPS.resilience,independent of the banks' payment infrastructure in the payment situation,0.62,
V9-03615,SYS.design,solution being expandable to an open solution,0.72,
V9-03639,SYS.design,register-based solution will require more development ... more robust for future development,0.7,evidence_not_verbatim
V9-03641,OTHER.keep,contribute as an instrument in monetary policy,0.75,
V9-03642,OPS.resilience,technically independent contingency solution,0.82,
V9-03645,STAB.disintermediation,use the account as a safe store of value,0.68,
V9-03646,INTEROP.domestic,transfer money independently of the banks' solutions between two persons,0.72,
V9-03651,SYS.design,main model and the alternative model have been chosen,0.65,
V9-03653,STAB.disintermediation,public and credit-risk-free alternative to deposits in private banks,0.85,
V9-03654,OPS.resilience,independent contingency solution for the ordinary electronic payment systems,0.88,
V9-03655,CASH.relation,"ensure a suitable legal tender, as a supplement to cash",0.87,
V9-03656,CASH.relation,CBDC may be an alternative to account money,0.78,
V9-03659,SYS.design,anyone or licensed actors can create user interfaces for managing DSP,0.74,
V9-03661,SYS.design,closed solution offered by Norges Bank or an entity controlled by Norges Bank,0.8,
V9-03664,ACCESS.universal,user is not dependent on a specific actor's interface to access DSP,0.72,
V9-03696,CASH.relation,supplement to cash – would entail offering an electronic claim,0.88,
V9-03699,ACCESS.universal,target group for a potential CBDC will primarily be the general public,0.82,
V9-03700,SYS.design,socioeconomic cost-benefit analysis. Key elements will be consequences for the payment system,0.72,
V9-03702,INTEROP.domestic,denominated in Norwegian kroner and be worth the same as other means of payment,0.85,
V9-03712,STAB.disintermediation,credit-risk-free alternative to deposit money,0.9,
V9-03713,OPS.resilience,independent contingency solution for the ordinary electronic payment systems,0.93,
V9-03726,STAB.disintermediation,"negative consequences for banks, financial stability and monetary policy implementation",0.91,
V9-03734,ADOPT.experience,need for some form of online banking for bill payments and other larger account-to-account payments,0.8,
V9-03735,ADOPT.experience,Payment cards and mobile payment applications may be suitable instruments,0.82,
V9-03743,SYS.design,"CBDC solution shall be scalable with changes in usage, considering number of users",0.78,
V9-03752,SYS.design,Funds held in the account system represent claims on Norges Bank and will be the central bank's liability,0.87,
V9-03761,SYS.design,Norges Bank shall have control over and primary responsibility for a possible Norwegian CBDC system,0.85,
V9-03787,CASH.relation,issuing CBDC denominated in kroner in parallel with banknotes and coins,0.9,
V9-03802,INTEROP.crossborder,not to the side of other currencies,0.86,
V9-03805,INTEROP.domestic,"interoperability that allows for atomic or ""near-atomic"" transactions on networks of regulated digital assets against the digital shekel",0.8,
V9-03816,SYS.design,ledger system handles data such as transaction records and upper limits,0.87,
V9-03817,SYS.design,"Try/Confirm/Cancel or ""TCC"" model) could potentially be adopted",0.82,
V9-03822,CASH.relation,"credit-risk-free alternative to deposit money, an independent contingency solution, and legal tender",0.78,
V9-03824,OPS.resilience,independent contingency if the ordinary electronic payment solutions fail,0.8,
V9-03825,ADOPT.experience,maintain or strengthen competition in the payment market,0.65,
V9-03826,CASH.relation,fulfil all the core properties of a legal tender,0.85,
V9-03827,CASH.relation,CBDC's function as a means of payment and payment system,0.72,
V9-03833,ADOPT.experience,wallet' applications on mobile phones) could offer simple and secure ways,0.85,
V9-03834,SYS.design,solutions that are flexible for various trade-offs and are robust,0.7,
V9-03835,STAB.disintermediation,CBDC must not significantly weaken the private sector's ability to extend credit,0.95,
V9-03838,SYS.design,Opening the CBDC register/account system to innovative solutions from other actors,0.78,
V9-03839,OPS.resilience,payment functions moving to new arenas and infrastructures weakening efficiency and security,0.75,
V9-03844,OPS.resilience,risks associated with money and payment functions moving to new arenas,0.72,
V9-03845,OTHER.keep,assessed against what can be achieved through regulation of privately owned payment systems,0.65,
V9-03847,INTEROP.domestic,applications and account infrastructure must not be designed to unnecessarily give Norwegian providers,0.68,
V9-03852,ACCESS.universal,must be available to a broad public,0.72,
V9-03853,INTEROP.domestic,compatible with various payment instruments and various payment situations,0.78,
V9-03854,ADOPT.experience,possible to pay with CBDC in 'physical' trade in goods and services,0.7,
V9-03859,CASH.relation,"function as legal tender, it must be universally and easily accessible",0.75,
V9-03862,CASH.relation,"two-way conversion obligation, i.e. that Norges Bank is obliged to convert cash to CBDC",0.92,
V9-03863,CASH.relation,holders of CBDC can demand conversion to cash while holders of cash cannot,0.93,
V9-03869,INTEROP.domestic,CBDC shall have par value (1:1) against bank deposits and against cash,0.9,
V9-03872,SYS.design,IT architecture that allows simple and accessible solutions to be offered,0.72,
V9-03899,INTEROP.domestic,CBDC infrastructure must facilitate payments being immediate,0.75,
V9-03910,OPS.resilience,"in an emergency situation, it is therefore important that CBDC must be available",0.8,
V9-03912,OPS.resilience,Norges Bank itself develops and operates a technically independent minimum solution,0.78,
V9-03934,ADOPT.experience,CBDC can function as a niche solution that fills particular payment needs,0.76,
V9-03935,ADOPT.experience,CBDC is facilitated for broader use from the very beginning,0.74,
V9-03936,ADOPT.experience,"CBDC should not only function as a niche solution, but also be facilitated for broader use",0.76,
V9-03953,SYS.design,CBDC system has a statistics module or at least a tool for extracting information,0.82,
V9-03976,ADOPT.experience,user is not locked into one user interface,0.72,
V9-04006,ADOPT.experience,pay with a card or other physical device,0.75,
V9-04022,SYS.design,technical infrastructure and regulatory framework that provides acceptable liability,0.65,
V9-04030,SYS.design,public core infrastructure and private innovation on top of this,0.78,
V9-04031,SYS.design,core infrastructure is built on established standards,0.74,
V9-04032,SYS.design,connect CBDC directly to public registers,0.7,
V9-04042,ACCESS.universal,technical independence and the possibility of offline payment,0.72,
V9-04055,OTHER.keep,not appropriate to maintain this distinction in the further validation,0.55,evidence_not_verbatim
V9-04080,INTEROP.domestic,ensure access to a means of settlement trusted by all,0.7,
V9-04085,OPS.resilience,precautionary approach to threats from new monetary and payment systems,0.62,
V9-04086,CASH.relation,"private money in NOK with attractive new functionality, ensuring access to a means of settlement",0.6,
V9-04088,SYS.design,not appropriate for Norges Bank itself to develop and maintain the core infrastructure,0.78,
V9-04091,INTEROP.domestic,"ensure access to a means of settlement that everyone trusts, also in new payment arenas",0.68,
V9-04100,SYS.design,CBDC to use several registries linked together through bridges,0.8,
V9-04101,SYS.design,"core infrastructure (primary registry/account system, arrangements for issuing, distributing and confiscation",0.85,
V9-04102,SYS.design,autonomous factor on the liabilities side of the central bank's balance sheet,0.72,
V9-04110,STAB.disintermediation,Liquidity management is likely to be more unpredictable,0.65,
V9-04121,INTEROP.domestic,converting privately issued money into a digital form of central bank money,0.82,
V9-04125,ACCESS.universal,"available to all individuals, communities and businesses",0.78,
V9-04126,SYS.design,support the value anchor role of central bank money,0.62,
V9-04127,CASH.relation,central bank money in physical and digital forms,0.85,
V9-04128,OPS.resilience,central bank money is resilient and fit for the future,0.7,
V9-04131,OTHER.keep,"only be made following consultation with the Government, the public",0.8,
V9-04133,OTHER.keep,policy discussion inform the technological design of a CBDC,0.75,
V9-04134,SYS.design,develop high-level design principles that a CBDC should achieve,0.72,
V9-04135,SYS.design,building a set of CBDC design principles based on the Reserve Bank's purpose,0.73,
V9-04136,OTHER.keep,public feedback to inform the detailed elements of any future CBDC design,0.7,
V9-04140,ACCESS.universal,addressing some barriers to both financial and digital inclusion,0.88,
V9-04141,INTEROP.domestic,improvements to domestic payments' efficiency and resilience,0.75,
V9-04142,INTEROP.crossborder,global initiatives that use CBDCs to improve cross-border payments,0.95,
V9-04144,SYS.design,platform for new payment services that use CBDC as the settlement asset,0.72,
V9-04146,SYS.design,Providing CBDC as a public good would set it apart from private digital monies,0.55,
V9-04147,ACCESS.universal,those who do not have easy access to cash or who choose not to use cash,0.85,
V9-04148,SYS.design,improve the technological form of central bank money to ensure it continued to be relevant,0.65,
V9-04149,INTEROP.domestic,providing instant electronic peer-to-peer settlement—a service that is currently not provided,0.78,
V9-04151,ACCESS.universal,"improve financial inclusion, e.g. to support the Safer Credit and Financial Inclusion Strategy",0.88,
V9-04153,OPS.resilience,"reliability, scalability, throughput and resilience of its existing systemically important payments",0.92,
V9-04155,SYS.design,open payments platform that achieves network efficiencies in money,0.75,
V9-04157,INTEROP.domestic,drive greater interoperability in retail service providers by enforcing common standards,0.82,
V9-04159,INTEROP.domestic,swapped for either cash or deposits in bank transaction accounts,0.78,
V9-04166,SYS.design,Improving the technological form and functionality of central bank money to ensure it remains relevant,0.65,
V9-04170,OPS.resilience,"providing a low-credit-risk form of payment, enhancing future resilience and having the potential to reduce the number of single points of failure",0.85,
V9-04171,INTEROP.crossborder,participate in global cross-border payment initiatives that involve exchanging CBDCs,0.97,
V9-04172,SYS.design,"avoids unnecessary disruption to the cash system, wider financial system and monetary policy settings",0.65,
V9-04173,OPS.resilience,low tolerance for system outages and down-times as existing systemically important payment infrastructure,0.96,
V9-04174,OPS.resilience,not be able to be 'double-spent' or fraudulently spent,0.82,
V9-04175,INTEROP.domestic,near-instant and legally final settlement,0.85,
V9-04177,INTEROP.domestic,exchanged 1:1 with cash and support the NZD as our single unit of account,0.88,
V9-04178,ACCESS.universal,"low-cost, basic saving and payments to all households, including those that are financially and digitally excluded",0.97,
V9-04179,ADOPT.experience,"be modern, be interoperable and drive innovation in New Zealand's money and payments ecosystem",0.72,
V9-04181,STAB.disintermediation,"avoids unnecessary disruption to the cash system, the wider financial system",0.78,
V9-04183,INTEROP.domestic,supports the continued use of the NZD as our unit of account,0.83,
V9-04185,INTEROP.domestic,supporting electronic peer-to-peer payments and near or instant settlement,0.84,
V9-04186,ADOPT.experience,"Drive innovation and cost efficiency for end users, including through competition",0.82,
V9-04187,INTEROP.crossborder,Support cross-border payments and be able to support low-cost remittances,0.98,
V9-04188,SYS.design,option of a new monetary policy tool,0.74,
V9-04190,SYS.design,current priority is to consider a general-purpose CBDC,0.82,
V9-04191,STAB.disintermediation,challenges to the stability of the interbank settlement system,0.87,
V9-04194,ACCESS.universal,adoption & inclusion as a focus area for designing a CBDC,0.85,
V9-04197,ADOPT.experience,spur efficiency and innovation by enabling greater competition in New Zealand's money and payments landscape,0.83,
V9-04198,OPS.resilience,"highly resilient, reliable and can scale to provide services",0.82,
V9-04199,SYS.design,technology considerations and operational changes that may arise for the RBNZ,0.72,
V9-04205,SYS.design,"operate as an 'innovation platform' offering a simple, easy-to-use set of regulatory, technical, data and cultural standards",0.75,evidence_not_verbatim
V9-04206,INTEROP.crossborder,other jurisdictions like Australia and the Pacific Island nations to support the flow of finance,0.85,
V9-04207,ADOPT.experience,"transfer between Fiat to CBDC, make payments and manage their CBDC easily",0.8,
V9-04213,SYS.design,"retaining regulatory control to meet RBNZ objectives, using one or a combination of: Targeted rules setter",0.78,
V9-04214,INTEROP.domestic,initial preference is interoperability with existing payments systems,0.92,
V9-04216,ADOPT.experience,providing a customer service to assist users who have problems recovering their funds,0.75,
V9-04217,SYS.design,"CBDC wallets collectively accessed and managed, for example, as part of a household/community, joint ownership",0.8,
V9-04218,SYS.design,Multiple wallets per user will support competition and innovation within the market,0.78,
V9-04219,SYS.design,a CBDC user can own multi-layered wallets,0.82,
V9-04221,SYS.design,"multi-layered wallets enable similar benefits. Typically, this approach would consist of a 'basic' layer",0.83,
V9-04227,ADOPT.experience,ensure wide adoption of CBDC without inhibiting organic innovation opportunities,0.8,
V9-04228,ADOPT.experience,spend/transfer/receive CBDC using a payment method at the point of interaction that meets their needs,0.83,
V9-04229,CASH.relation,CBDC will be interoperable with cash to ensure wide adoption and inclusion,0.88,
V9-04230,INTEROP.domestic,connect their CBDC wallets to other existing non-payments systems,0.72,
V9-04233,ACCESS.universal,developed with the highest possible levels of inclusion,0.88,
V9-04234,SYS.design,creating wallets in a hierarchy with multiple owners,0.78,
V9-04258,CASH.relation,used on a par with cash and non-cash rubles,0.87,
V9-04274,SYS.design,support proof of assets & liabilities for any future collateral purposes,0.62,
V9-04275,INTEROP.domestic,atomic settlement and Delivery vs Payment (DvP) features of a CBDC ecosystem,0.75,
V9-04284,SYS.design,feasibility of introducing tokenised cashless rubles with market participants,0.65,
V9-04288,SYS.design,Model D is the most appropriate for further implementation,0.82,
V9-04289,ACCESS.universal,maximum accessibility of the digital ruble for citizens and businesses,0.78,
V9-04293,SYS.design,two-tier retail model of the digital ruble (Model D) as the target model,0.9,
V9-04306,SYS.design,digital ruble is a liability of the Bank of Russia,0.91,
V9-04311,INTEROP.crossborder,improving the efficiency of cross-border payments and settlements through its further integration,0.95,
V9-04314,SYS.design,funds move from the credit institution's digital wallet to the client's digital wallet,0.83,
V9-04319,SYS.design,opens wallets for financial organisations and the Federal Treasury,0.82,
V9-04320,SYS.design,special participant of the digital rouble platform; carries out operations from the Federal Treasury wallet,0.8,
V9-04323,SYS.design,wallets are hosted on the digital ruble platform and are not reflected on the balance sheets,0.82,
V9-04325,STAB.disintermediation,"In the event of a financial organisation's bankruptcy, funds in the wallet remain accessible",0.78,
V9-04326,SYS.design,software module embedded in financial organisations' mobile apps ensuring interaction between the digital ruble platform,0.8,
V9-04327,SYS.design,Model D is a two-tier retail model. The first tier is the Bank of Russia,0.88,
V9-04331,SYS.design,funds move from client A's digital wallet to client B's digital wallet. Credit institutions' balances are not involved,0.83,
V9-04332,SYS.design,credit institutions connecting to the digital ruble platform are planned to have nodes created,0.82,
V9-04335,ADOPT.experience,sends clients (an individual and a legal entity) notifications of digital ruble credits and debits,0.72,
V9-04336,SYS.design,funds move from the buyer's digital wallet to the seller's digital wallet. Credit institutions' balances are not involved,0.83,
V9-04338,SYS.design,Customer wallet 1 on the platform … Customer wallet 2 on the platform,0.7,
V9-04341,SYS.design,digital ruble will be accounted for in the M0 aggregate,0.87,
V9-04351,SYS.design,"specialised software module of the Bank of Russia, integrated with mobile applications of credit institutions",0.79,
V9-04356,SYS.design,implementation of smart contracts on the digital ruble platform does not restrict financial organisations,0.78,
V9-04361,SYS.design,Creation of digital rubles exclusively using the Bank of Russia's emission key,0.9,
V9-04367,SYS.design,Certification Authority … providing registration and certification of keys of credit institutions … and Bank of Russia keys used for digital rouble issuance,0.88,evidence_not_verbatim
V9-04369,SYS.design,mobile applications provided by credit institutions … specialised Bank of Russia software module and a secure key information storage,0.82,evidence_not_verbatim
V9-04381,STAB.disintermediation,minimise the risk of significant liquidity outflow from the banking sector,0.95,
V9-04382,SYS.design,issued by the Bank of Russia. A digital ruble will be an additional form of money,0.88,
V9-04386,CASH.relation,"one cash ruble equals one non-cash ruble, one digital ruble will always equal",0.9,
V9-04387,INTEROP.domestic,CBDC platform can be integrated with other Russian or foreign platforms,0.72,
V9-04388,INTEROP.domestic,digital ruble platform will be integrated into the existing infrastructure,0.85,
V9-04389,ADOPT.experience,will expand digital payment options available to households,0.82,
V9-04390,ADOPT.experience,prompt further development of payment technologies in the private sector,0.75,
V9-04392,SYS.design,issued by the Bank of Russia in digital form in addition to the existing forms,0.85,
V9-04394,CASH.relation,used alongside individuals' and businesses' cash rubles and funds in their commercial bank accounts,0.83,
V9-04396,ACCESS.universal,accessible for any individual anywhere across Russia,0.9,
V9-04398,CASH.relation,combines the benefits of cash and non-cash money,0.87,
V9-04399,OTHER.keep,boost the development of the new digital economy by creating the necessary conditions,0.65,
V9-04400,CASH.relation,used along with cash and funds in accounts with commercial banks,0.82,
V9-04403,SYS.design,models and mechanisms that can be used to design a circulation system for a digital ruble,0.88,
V9-04405,ACCESS.universal,increase financial accessibility and financial inclusion for a wider range of users,0.91,
V9-04408,OPS.resilience,seamless transfer of digital rubles from online to offline,0.72,
V9-04414,INTEROP.domestic,platform to conduct DVP transactions with digital financial assets,0.78,evidence_not_verbatim
V9-04419,INTEROP.domestic,processed using the existing bank and POS infrastructure,0.82,
V9-04420,ACCESS.universal,individual does not have access to a bank account,0.91,
V9-04421,ACCESS.universal,people must be able to select the preferable form of money,0.75,
V9-04423,ACCESS.universal,"use a digital ruble offline, which will allow payments to be made irrespective",0.85,
V9-04429,SYS.design,does not intend to further develop this model,0.71,
V9-04430,SYS.design,creation and operation of the CBDC platform and the issuance of a CBDC,0.92,
V9-04442,STAB.disintermediation,limiting the risks of the dollarisation of the economy,0.8,
V9-04443,OPS.resilience,"stability, reliability and uninterrupted operation of the country's payment system",0.87,
V9-04444,SYS.design,"central bank creates the CBDC platform, issues a CBDC, and provides access",0.92,
V9-04445,SYS.design,Only one wallet in a CBDC is opened for each customer,0.9,
V9-04449,SYS.design,open customer settlement accounts and provide settlement and cash services,0.82,
V9-04450,SYS.design,central bank opens and maintains customer wallets on a CBDC platform,0.93,
V9-04451,SYS.design,Only one wallet in a CBDC is opened for each customer,0.91,
V9-04471,INTEROP.domestic,"integrated with other state systems and platforms, which simplifies interaction",0.72,
V9-04475,SYS.design,use of the digital ruble in the budget process,0.62,
V9-04478,ACCESS.universal,financial inclusion for citizens is zero fees for transactions,0.82,
V9-04482,OPS.resilience,all operations on the digital ruble platform will be conducted online,0.52,evidence_not_verbatim
V9-04498,INTEROP.domestic,replenished from unified treasury accounts of territorial bodies of the Federal Treasury in the Bank of Russia payment system,0.78,
V9-04502,INTEROP.domestic,transferring funds held in bank accounts by individuals or organisations to digital ruble accounts,0.85,
V9-04504,STAB.disintermediation,fully compensate for liquidity outflows,0.8,
V9-04509,ADOPT.experience,meet the payment needs of citizens and businesses,0.72,
V9-04512,INTEROP.crossborder,integration with foreign CBDC platforms for cross-border settlements in both bilateral and multilateral formats,0.98,
V9-04515,ADOPT.experience,expansion of user categories; implementation of registry-based payments – mass and regular operations,0.75,evidence_not_verbatim
V9-04518,SYS.design,opening a digital ruble account for the Federal Treasury on the digital ruble platform,0.72,
V9-04519,INTEROP.domestic,pay for goods and services using QR codes generated on the basis of the existing NSPK JSC infrastructure,0.85,
V9-04520,SYS.design,payment will be carried out within the digital ruble platform,0.6,
V9-04521,INTEROP.domestic,universal QR code — a unified technological standard enabling citizens to independently choose a payment instrument,0.8,
V9-04522,INTEROP.crossborder,bilateral integration of national CBDC platforms are being discussed with a number of friendly countries,0.97,
V9-04523,INTEROP.crossborder,using CBDCs in cross-border settlements are being worked out,0.97,
V9-04524,OTHER.keep,The Bank of Russia plans to continue work in this direction,0.85,
V9-04528,ADOPT.experience,digital ruble will become a common means of payment,0.78,
V9-04532,SYS.design,"geo-distributed scalability, flexibility, reliability, and openness",0.88,
V9-04533,INTEROP.domestic,"integrated into the Bank of Russia's IT infrastructure, interacts with related systems",0.87,
V9-04547,SYS.design,issuing (minting) and redeeming (melting) Retail CBDC upon request,0.9,
V9-04558,SYS.design,ensure the irrevocability of transactions,0.82,
V9-04563,ADOPT.experience,alternative channel for retail payment,0.8,
V9-04564,SYS.design,"up to 2,000-2,500 transaction per second (TPS)",0.85,
V9-04591,SYS.design,retail CBDC which would be designed to meet the payments needs,0.75,evidence_not_verbatim
V9-04592,INTEROP.domestic,"how CBDC fits into the wider payments landscape, and how it interacts",0.85,
V9-04595,INTEROP.domestic,£10 of CBDC would always be worth the same as a £10 note,0.88,
V9-04596,SYS.design,"new risk-free form of (digital) pound sterling, issued by the central bank",0.86,evidence_not_verbatim
V9-04599,CASH.relation,introduced alongside — rather than replacing — cash and commercial bank deposits,0.95,
V9-04601,OPS.resilience,support a more resilient payments landscape,0.72,
V9-04602,CASH.relation,continued access to a risk-free form of money issued by the Bank,0.72,
V9-04604,SYS.design,illustrative 'platform' model of CBDC designed to enable households and businesses,0.82,
V9-04605,STAB.disintermediation,enhance financial stability by contributing to resilience in payments,0.71,
V9-04607,CASH.relation,reduce the demand for new privately issued money-like instruments,0.7,evidence_not_verbatim
V9-04608,ADOPT.experience,enhance the speed and efficiency of UK payments,0.78,
V9-04610,SYS.design,focus on domestic retail payments — payments that involve households,0.76,
V9-04613,INTEROP.crossborder,Domestic wholesale and all cross-border payments are outside the scope,0.75,evidence_not_verbatim
V9-04614,ACCESS.universal,issuing widely accessible trusted digital money as a means of payment,0.78,
V9-04617,ACCESS.universal,public will have access to risk-free digital money denominated in Rupiah,0.76,
V9-04618,CASH.relation,more secure and efficient compared to cash and reserve accounts,0.74,
V9-04619,CASH.relation,Digital Rupiah will complement the existing money being commonly used,0.85,
V9-04621,INTEROP.domestic,support various access technologies for funding and defunding the wallet,0.82,
V9-04622,ADOPT.experience,allow end users to use devices they already have,0.8,
V9-04625,SYS.design,support several types of secure containers,0.83,
V9-04626,ACCESS.universal,cater to parts of the public who cannot or do not wish to use a smartphone,0.88,
V9-04628,SYS.design,"include static information about each wallet, such as the sector",0.85,
V9-04641,CASH.relation,CBDC would likely act as a complement to cash rather than a substitute,0.99,
V9-04642,INTEROP.crossborder,link domestic CBDCs in a way that enables fast and efficient cross‑border payments,0.98,
V9-04652,OPS.resilience,"fast, highly secure and resilient technology platform — the 'core ledger'",0.88,
V9-04656,ACCESS.universal,"minimise barriers to use from technical literacy, disabilities, access to hardware",0.99,
V9-04659,INTEROP.domestic,interoperable between users of different providers and between CBDC and deposit account users,0.95,
V9-04660,INTEROP.crossborder,interoperate with other countries' CBDC systems to support future cross-border payments,0.99,
V9-04666,ADOPT.experience,small transaction fees charged to Payment Interface Providers,0.8,
V9-04668,SYS.design,platform model is not the only way that CBDC could be structured,0.88,
V9-04669,SYS.design,functionality of the core ledger could be limited to the essential features,0.87,
V9-04670,SYS.design,innovation in CBDC payment functionality to happen in the private sector through overlay services,0.82,
V9-04674,SYS.design,core ledger provided the minimum functionality or building blocks to enable Payment Interface Providers,0.87,
V9-04675,INTEROP.domestic,CBDC payments would be settled immediately ('real time') in central bank money,0.95,
V9-04676,SYS.design,core ledger could provide the basic functionality for one-off 'push' payments,0.87,
V9-04677,ADOPT.experience,CBDC would need to be designed to be compatible with these PoS systems,0.88,
V9-04680,SYS.design,not dictate how CBDC-related services should be built,0.72,
V9-04681,INTEROP.domestic,interoperability between different Payment Interface Providers,0.88,
V9-04693,SYS.design,core ledger would have relatively simple functionality,0.85,
V9-04699,SYS.design,core ledger could be built with relatively simple functionality,0.85,
V9-04702,SYS.design,develop innovative overlay services to provide functionality,0.8,
V9-04706,OPS.resilience,possible to scale its capacity as demand varies,0.72,
V9-04726,SYS.design,calculate each user's total CBDC holdings across all accounts,0.82,
V9-04729,SYS.design,core ledger would have the minimum necessary functionality,0.85,
V9-04730,SYS.design,complex functionality that would only be used by a smaller subset,0.78,
V9-04731,SYS.design,core ledger would need to be able to provide the necessary functionality,0.83,
V9-04732,ADOPT.experience,use case for CBDC focused on retail payments,0.75,evidence_not_verbatim
V9-04733,OPS.resilience,Bank would need to set minimum security standards,0.85,
V9-04753,OPS.resilience,"fast, highly secure, and resilient technology platform",0.87,
V9-04763,SYS.design,Bank hosts the core ledger and an application programming interface,0.9,
V9-04767,OTHER.keep,evaluate the CBDC architecture for opportunities to optimise energy,0.7,
V9-04768,SYS.design,core ledger would provide the minimum necessary functionality,0.82,
V9-04774,SYS.design,"extensible design, allowing PIPs and ESIPs to implement additional functionality",0.85,
V9-04775,OPS.resilience,vulnerabilities that may arise due to third-party dependencies,0.78,
V9-04776,OPS.resilience,"throughput of approximately 30,000 transactions per second, and confirmation and settlement in under one second",0.85,
V9-04777,OPS.resilience,"preliminary resilience requirements for a CBDC, including operating 24/7",0.95,
V9-04781,ADOPT.experience,"widely available and accepted in-store, online and peer-to-peer",0.88,
V9-04786,SYS.design,UK CBDC would be based on the platform model,0.92,
V9-04787,SYS.design,"build a fast, secure, and resilient platform – the 'core ledger'",0.88,
V9-04790,ADOPT.experience,"in-store, online and peer-to-peer (P2P) payments to be the initial focus",0.87,
V9-04792,ADOPT.experience,CBDC would be accessed via smart devices and cards,0.82,
V9-04793,ADOPT.experience,physical card options for CBDC payments,0.8,
V9-04794,INTEROP.domestic,"simple, fast and convenient to move between CBDC and other forms of money",0.87,
V9-04798,OPS.resilience,security is designed into the CBDC system to account for and minimise,0.92,
V9-04814,OPS.resilience,threat modelling and system-driven security risk management,0.91,
V9-04815,OPS.resilience,prospective system-driven security assessment of any possible CBDC system,0.92,
V9-04818,SYS.design,allowing one payment initiation to be split across multiple recipients,0.72,
V9-04819,SYS.design,ease the performance burden of high payment volumes,0.7,
V9-04831,SYS.design,expand and enhance its functionality without impacting existing services,0.75,
V9-04833,SYS.design,support future payment needs and evolving use cases,0.68,
V9-04835,SYS.design,"add, upgrade or replace components in a smooth manner",0.8,
V9-04836,SYS.design,"defining platform boundaries, like APIs, that serve as an interface",0.8,
V9-04837,SYS.design,robust API governance and version management that supports API changes,0.8,
V9-04838,SYS.design,designing a composable architecture,0.82,
V9-04839,SYS.design,core ledger would record the state information of CBDC in issue,0.88,
V9-04842,SYS.design,core ledger is the central record of CBDC that records the movements,0.9,
V9-04843,INTEROP.domestic,wallets to be compatible and interoperable with other payment infrastructure,0.82,
V9-04856,OPS.resilience,prevent distributed denial of service (DDoS) attacks,0.93,
V9-04857,OPS.resilience,implement authentication and authorisation functionality in a standardised way,0.75,
V9-04860,INTEROP.domestic,"enable interoperability with other forms of money, particularly cash and bank deposits",0.85,
V9-04861,SYS.design,No decision has yet been made on the format of wallet addresses,0.82,
V9-04862,INTEROP.domestic,use aliases in order to interoperate with the range of existing payment infrastructures,0.88,
V9-04867,OPS.resilience,"maintaining and operating a stable, secure and efficient CBDC system",0.82,
V9-04876,SYS.design,"API layer aims to be use case agnostic, allowing external parties to build",0.78,
V9-04877,SYS.design,"API layer architecture should be designed with a strong focus on usability, security",0.76,
V9-04879,SYS.design,core ledger would provide the minimum necessary functionality for managing a CBDC wallet,0.85,
V9-04881,SYS.design,API gateway would provide a single entry point for API calls,0.8,
V9-04882,ADOPT.experience,CBDC should support e-commerce transactions,0.85,
V9-04884,ADOPT.experience,CBDC system would be designed to allow merchants to use existing PoS terminals,0.87,
V9-04890,SYS.design,initial design for aliases could include: Phone number... PAN alias... Account number,0.82,
V9-04893,INTEROP.domestic,Technical standards for payments between devices would be needed to ensure interoperability,0.83,
V9-04894,ADOPT.experience,"enable online, in-store and peer-to-peer payments",0.84,
V9-04895,SYS.design,Bank would define aspects of how they operate. This would ensure interoperability,0.78,
V9-04897,ADOPT.experience,users might also be able to access their wallets using wearables and smart IoT devices,0.8,
V9-04898,ACCESS.universal,accessible via smart cards to support users who do not have a smartphone,0.91,
V9-04899,SYS.design,Storing balances remotely on the ledger should be feasible since most in-store payments,0.78,
V9-04900,OPS.resilience,not result in the user losing their CBDC funds,0.82,
V9-04901,ACCESS.universal,payments to work without internet connectivity,0.78,
V9-04902,SYS.design,does not require the core ledger to validate users or devices,0.8,
V9-04906,SYS.design,combination of on-device and remote ledger storage might be needed,0.85,
V9-04907,SYS.design,download some of their balance to their devices to support offline transactions,0.83,
V9-04908,ADOPT.experience,"support CBDC payments using existing infrastructure, PoS devices will require a contactless kernel",0.78,
V9-04909,SYS.design,Develop a bespoke CBDC contactless kernel,0.85,
V9-04910,SYS.design,request to transfer funds from the user to the merchant,0.82,evidence_not_verbatim
V9-04911,SYS.design,"sends an instruction to the core ledger, to transfer funds",0.83,
V9-04914,INTEROP.domestic,"interoperability between a CBDC, cash and bank deposits can be delivered effectively through existing payments infrastructure",0.9,
V9-04916,INTEROP.domestic,"use account-to-account payment infrastructure, such as Faster Payment System",0.92,
V9-04919,CASH.relation,cash to CBDC conversion could be automated,0.91,
V9-04959,SYS.design,"core ledger, API layer, alias service and analytics as part of the Bank-managed infrastructure",0.93,
V9-04982,INTEROP.crossborder,cross-border payment (and perhaps Islamic finance) will be the primary goals,0.82,
V9-04988,STAB.disintermediation,primary objective would be financial stability and specifically price stability,0.78,
V9-04989,SYS.design,avoiding proliferation of private cryptocurrencies used within the country,0.62,
V9-04999,OTHER.keep,Maldivian FinTech companies are involved in the development of the CBDC,0.72,
V9-05001,SYS.design,centralised mobile App for CBDC use which includes the ability to have multiple wallets,0.82,
V9-05003,OTHER.keep,sophisticated DeFi products would not be the first priority in the Maldives,0.75,
V9-05005,SYS.design,MMA is fully in control of the development and operation of the system,0.8,
V9-05011,ADOPT.experience,"exploring benefits for government payments and collections, enabling a safe and efficient eco-system",0.72,
V9-05012,SYS.design,stablecoins within the Innovation Hub must be based on assets that the MMA can properly back,0.7,evidence_not_verbatim
V9-05014,SYS.design,CBDC using a conventional IPS-like framework and supported by suitable laws and regulations,0.75,
V9-05016,SYS.design,"tie the value of the coins to digital assets, especially real-estate titles",0.73,
V9-05037,SYS.design,"CBDC would be a liability of the Federal Reserve, not of a commercial bank",0.88,
V9-05050,INTEROP.crossborder,preserve the dominant international role of the U.S. dollar,0.82,
V9-05051,CASH.relation,ensuring the continued safety and availability of cash and is considering a CBDC,0.88,
V9-05052,ACCESS.universal,"CBDC to expand financial inclusion, including cases targeted to underserved and lower income households",0.95,
V9-05053,ACCESS.universal,expanding access to individuals who do not currently use traditional financial services,0.97,
V9-05060,SYS.design,explore a wide range of design options for a CBDC,0.72,
V9-05065,CASH.relation,free from credit risk and liquidity risk,0.72,
V9-05071,OTHER.keep,extensive economic and policy research on digital currencies,0.62,
V9-05111,OTHER.keep,support U.S. leadership in the global financial system,0.55,
V9-05141,SYS.design,Transactions could take a certain amount of time to settle with finality,0.65,
V9-05155,SYS.design,"recovering accounts, voiding transactions, ordering restitution, and conducting recovery",0.7,
V9-05165,OPS.resilience,base a large part of its security model on secure hardware-based approaches,0.82,
V9-05169,OPS.resilience,system should maintain 'cryptographic agility',0.8,
V9-05192,SYS.design,interoperability of a protocol,0.65,
V9-05195,SYS.design,"require zero, one, or multiple digital signatures to execute a valid transaction",0.78,
V9-05196,SYS.design,only the payer is needed to authorize the transaction,0.8,
V9-05197,SYS.design,multiple signatures are needed in order to execute the transaction,0.82,
V9-05198,SYS.design,all three could be supported by the CBDC system in different circumstances,0.75,
V9-05222,ADOPT.experience,built without the concept of fees and any such charges,0.78,
V9-05244,ACCESS.universal,traditional banking infrastructure is unavailable,0.82,
V9-05261,SYS.design,centralized settlement and transaction layer,0.75,
V9-05264,SYS.design,"default to using existing tools, where possible, for standard technology infrastructure",0.82,
V9-05265,SYS.design,need to build key functionalities for a U.S. CBDC system,0.8,
V9-05277,ACCESS.universal,financial inclusion and cultural reasons have to be included in the CBDC designing process,0.88,
V9-05280,OPS.resilience,secured at GEM even if users lose their phones or password,0.85,
V9-05286,ADOPT.experience,used for payments in registered stores and for peer-to-peer transfers,0.84,
V9-05291,CASH.relation,"main use of e-Pesos is the same as cash, to do small payments",0.92,
V9-05293,CASH.relation,not a cryptocurrency but a legal tender banknote,0.93,
V9-05294,CASH.relation,"printing costs, logistics, security, transparency",0.78,
V9-05296,SYS.design,"GDM (digital money production), GEM (vault and digital wallets), MTS (transactional system)",0.95,
V9-05297,OPS.resilience,"managing keys, users, passwords, PINs and cryptographic devices, separation of roles",0.87,
V9-05301,OPS.resilience,cyber risk concerns must be under control,0.88,
V9-05303,SYS.design,"Issuance of digital banknotes ($ 20,000,000)",0.83,
V9-05304,ACCESS.universal,parts of the population with limited access to bank accounts,0.9,
V9-05306,INTEROP.domestic,"Interoperability was an important issue in the design process, a modular approach to introduce the rest of the agents of the payment ecosystem",0.87,
V9-05312,SYS.design,"unique identifier will be created for the end user, and an alias will be issued",0.84,
V9-05313,SYS.design,link multiple wallets to their unique identifier,0.82,
V9-05323,SYS.design,Separating the user's balance into multiple indices/sub-accounts/private keys,0.85,
V9-05336,OTHER.keep,supporting the tourism industry in innovative ways,0.78,
V9-05339,INTEROP.crossborder,new mechanisms for cross-border payments,0.95,
V9-05365,SYS.design,new modules which could result in integration with other more decentralised platforms,0.8,
V9-05369,INTEROP.domestic,"interfaces with existing systems, such as the RTGS, fraud, risk, analytics, and payment systems",0.9,
V9-05376,OPS.resilience,managing pending transactions in the event of connectivity issues,0.88,
V9-05382,INTEROP.domestic,funds in the individual SAMOS settlement accounts of settlement participants,0.87,
V9-05388,SYS.design,considered to be a designated settlement system as the platform on which central bank wholesale money is issued,0.84,
V9-05410,SYS.design,security and settlement tokens on the same smart platform,0.8,
V9-05480,OPS.resilience,potentially robust backup solution to the RTGS system for transaction message processing,0.88,
V9-05518,ACCESS.universal,"Access to the payments system could also be widened to include large companies, small companies, and even retail customers",0.85,
V9-05541,ADOPT.experience,used as a means of payment without any fees,0.87,
V9-05544,CASH.relation,"substantially not different from banknotes, but being digital it is likely to be easier",0.9,
V9-05545,CASH.relation,create a digital Rupee that is as close as possible to a paper currency,0.93,
V9-05550,SYS.design,reduction in operational costs involved in physical cash management,0.41,
V9-05554,CASH.relation,"complement, rather than replace, current forms of money",0.92,
V9-05556,SYS.design,whether Norges Bank will act as issuer after a conversion,0.82,
V9-05560,OTHER.keep,report to central bank management with a decision basis,0.85,
V9-05561,SYS.design,assess both retail CBDC and wholesale CBDC,0.88,
V9-05562,SYS.design,merit in introducing both CBDC-W and CBDC-R,0.88,
V9-05574,STAB.disintermediation,design features of CBDCs should be least disruptive,0.62,
V9-05575,CASH.relation,legal tender-based payments option (including cross-border payments),0.55,
V9-05577,SYS.design,"open, inclusive, inter-operable and innovative CBDC system",0.72,
V9-05579,SYS.design,design of e₹ should be compatible with the objectives of monetary and financial stability,0.78,
V9-05581,SYS.design,"specific purpose e₹, one each in the wholesale and retail segments",0.88,
V9-05583,ACCESS.universal,"enhance financial inclusion, and make the monetary and payment systems more efficient",0.62,
V9-05599,SYS.design,CBDC would be a liability of the Reserve Bank,0.95,
V9-05601,CASH.relation,"accepted as a medium of payment, legal tender, and a safe store of value",0.91,
V9-05602,INTEROP.domestic,Freely convertible against commercial bank money and cash,0.93,
V9-05604,ADOPT.experience,lower the cost of issuance of money and transactions,0.62,
V9-05605,INTEROP.domestic,eliminate the need for interbank settlement by giving choices,0.93,
V9-05608,ADOPT.experience,ease of usage coupled with sovereign guarantee,0.78,
V9-05609,OPS.resilience,enhance resilience in payments and provide core payment services,0.72,
V9-05610,CASH.relation,not expected to substitute other modes of existing payment options,0.75,
V9-05611,STAB.disintermediation,digital money free from credit risk and liquidity risk,0.72,
V9-05612,INTEROP.crossborder,use of CBDC in alleviating challenges in cross-border payment,0.97,
V9-05613,ACCESS.universal,more accessible to the unbanked and underbanked population,0.95,
V9-05621,INTEROP.domestic,transform the settlement systems for financial transactions undertaken by banks,0.88,
V9-05625,INTEROP.domestic,"settled outside CCP arrangements - CPs, CDs, etc",0.8,
V9-05626,ACCESS.universal,"buying assets such as G-secs, CPs/CDs, primary auctions etc bypassing the bank account route",0.7,
V9-05628,INTEROP.domestic,CBDC-W to be integrated with RTGS,0.95,
V9-05629,CASH.relation,electronic version of cash primarily meant for retail consumption,0.96,
V9-05630,INTEROP.domestic,direct access to the Central bank money for payment and settlement,0.82,
V9-05632,SYS.design,Indirect system may be the most suitable architecture for introduction of CBDC,0.93,
V9-05638,SYS.design,CBDC (Wholesale) & CBDC (Retail),0.72,
V9-05672,SYS.design,accommodate the likely volume of transactions (Billions per day),0.65,
V9-05674,INTEROP.domestic,"utilise the current payments infrastructure like UPI, digital wallets",0.93,
V9-05675,INTEROP.domestic,light yet secure inter-operable architecture,0.82,
V9-05694,SYS.design,large-scale enterprise-class digital platform,0.74,
V9-05699,SYS.design,open-ended flexible approach while zeroing in on the technical choices,0.7,
V9-05700,SYS.design,should not be a vendor lock in,0.75,
V9-05703,INTEROP.domestic,interoperability between CBDC with the existing or proposed payment systems,0.85,
V9-05704,INTEROP.crossborder,common global standards for facilitating easy cross-border transactions,0.95,
V9-05717,SYS.design,autonomous source of system wide change in liquidity,0.65,
V9-05727,OPS.resilience,cryptography that will render the system safer,0.82,
V9-05728,OPS.resilience,resistant to quantum computing,0.91,
V9-05735,OPS.resilience,Principle 17 on Operational Risk which set standards,0.9,
V9-05737,OPS.resilience,Security considerations; especially in offline transactions and smart contract,0.85,
V9-05756,OPS.resilience,"resilient to network outage, conditionally, if offline payment is supported",0.92,
V9-05758,OPS.resilience,help support the operational resilience of payment systems,0.92,
V9-05759,CASH.relation,instead of removing or becoming a substitute for these options,0.85,
V9-05772,OPS.resilience,incorporate offline payment features into e-HKD wallets,0.82,
V9-05791,ADOPT.experience,further enhance private sector innovation at the retail wallet layer,0.78,
V9-05795,SYS.design,forward compatible and future-proof to accommodate the objectives,0.8,
V9-05797,CASH.relation,purpose of developing e-HKD is not to replace existing payment methods,0.88,
V9-05798,INTEROP.domestic,fully interoperable with other payment systems for more efficient payments,0.92,
V9-05799,INTEROP.domestic,connectivity among other payment service providers such that cross-platform payments,0.9,
V9-05800,SYS.design,designed in a manner that paves the way for future extensions,0.78,evidence_not_verbatim
V9-05822,OPS.resilience,separated to address cyber risk,0.93,
V9-05827,INTEROP.domestic,"settlement 'engine', which will enable the transfer of digital shekels",0.85,
V9-05833,STAB.disintermediation,quick routing of CBDC to a commercial bank deposit account,0.88,
V9-05836,ADOPT.experience,allows people to pay everywhere in Europe,0.78,
V9-05837,CASH.relation,digital euro is designed to complement physical cash,0.95,
V9-05838,ACCESS.universal,"payments remain possible under all circumstances, with inclusion as its guiding principle",0.88,
V9-05840,CASH.relation,"designed to complement physical cash, ensuring that everyone",0.95,
V9-05844,ADOPT.experience,enhance competitiveness in the European payment landscape by strengthening,0.72,
V9-05846,INTEROP.domestic,"establish a ""common acceptance layer"" for A2A payments",0.82,
V9-05851,INTEROP.domestic,"basis for the development of further innovative services, supporting interoperability",0.75,
V9-05853,SYS.design,"flexible implementation approach, ensuring alignment with the legislative process",0.65,
V9-05854,SYS.design,structured in modules to allow gradual scaling and limited financial commitments,0.78,
V9-05856,CASH.relation,"secure, inclusive and innovative complement to cash across the euro area",0.9,
V9-05858,ACCESS.universal,"preserve people's freedom of choice in how to pay, thereby enhancing financial inclusion",0.8,
V9-05860,INTEROP.domestic,basis for the development of further innovative services and supporting interoperability,0.74,
V9-05861,SYS.design,roll-out plan for the digital euro's functionality will need to be developed,0.72,
V9-05864,ACCESS.universal,"role in improving financial inclusion, while enabling market participants to develop",0.74,
V9-05865,ACCESS.universal,"accessibility to ensure the app would be usable by everyone, including people with physical disabilities",0.97,
V9-05866,SYS.design,staggered roll-out approach could be considered for the introduction of the digital euro,0.76,
V9-05869,SYS.design,build the necessary technical capacity ahead of a possible decision to issue,0.78,
V9-05870,SYS.design,ECB aims to be ready for a potential first issuance of the digital euro during 2029,0.82,
V9-05872,SYS.design,"advancing technical readiness, deepening market engagement and supporting the legislative",0.62,
V9-05873,SYS.design,"alias lookup component, which would facilitate payment transactions by users",0.72,
V9-05880,ADOPT.experience,support and foster innovation within the broader financial ecosystem,0.65,
V9-05896,SYS.design,synchronous REST interface for the connection between PSPs and the back-end infrastructure,0.82,
V9-05906,SYS.design,"clearly separated settlement layer in the back-end infrastructure, provided by the Eurosystem",0.78,
V9-05912,ACCESS.universal,digital euro app would comply with the European Accessibility Act,0.91,
V9-05929,INTEROP.domestic,European PSPs and A2A schemes can voluntarily integrate the digital euro into their payment solutions,0.82,
V9-05944,SYS.design,"mandatory acceptance and distribution of the digital euro, as well as the compensation",0.67,
V9-05949,SYS.design,flexible and modular approach... allows gradual scaling and limited financial commitments,0.72,
V9-05950,CASH.relation,"additional option to pay digitally, complementing cash across the euro area",0.93,
V9-05954,ADOPT.experience,"seamless, pan-European solution for both online and offline payments, prioritising accessibility and ease of use",0.82,
V9-05955,ADOPT.experience,"app is intuitive, user-friendly and recognisable for everyone",0.88,
V9-05956,INTEROP.domestic,"link their digital euro wallet with a commercial bank account, allowing them to make payments",0.87,
V9-05962,ACCESS.universal,"accessible to everyone, including people with physical disabilities, low digital skills or learning impairments",0.96,
V9-05965,OPS.resilience,digital euro remains operational during emergencies such as power or network outages,0.97,
V9-05970,CASH.relation,"digital complement to cash, the digital euro would support financial inclusion",0.72,
V9-05971,OTHER.keep,strengthen Europe's strategic autonomy and competitiveness,0.62,
V9-05993,SYS.design,prioritise the development of the e-HKD for financial institutions in wholesale scenarios,0.82,
V9-05995,OTHER.keep,regularly review the decision to proceed with such an extension,0.65,
V9-06006,INTEROP.crossborder,require efficient foreign exchange (FX) channels to convert their domestic currencies into an e-HKD,0.88,
V9-06016,INTEROP.domestic,same e-HKD account balance will appear across different banking applications,0.78,
V9-06034,SYS.design,enabling transactions using an e-HKD and tokenised deposits,0.75,
V9-06065,SYS.design,"issuance of an e-HKD, modelled after the issuance of legal tender, must be fully backed",0.85,
V9-06073,SYS.design,prioritise the development of the e-HKD for financial institutions,0.75,
V9-06078,OTHER.keep,"advancing the policy, legal and technical frameworks necessary to ensure Hong Kong is well-prepared",0.6,
V9-06093,INTEROP.domestic,Near-instant conversion at a low cost between an e-HKD and traditional forms of money,0.85,
V9-06103,SYS.design,Wholesale CBDC is not intended for the general public and would only be available to banks,0.87,
V9-06107,OTHER.keep,"whether other measures, such as different forms of regulation and the development of other payment systems",0.65,
V9-06109,SYS.design,Both retail and wholesale CBDCs are being examined,0.78,
V9-06121,ADOPT.experience,"secure, user-friendly, and integration-ready digital currency solution that supports a wide range of payment flows",0.82,
V9-06123,CASH.relation,supplement cash and noncash forms of hryvnia,0.82,
V9-06126,SYS.design,e-hryvnia in the circulation of virtual assets,0.65,
V9-06127,OTHER.keep,strengthen monetary sovereignty of Ukraine and the NBU's capability,0.72,
